  0
SECTION
  2
HEADER
  9
$ACADVER
  1
AC1024
  9
$ACADMAINTVER
 70
6
  9
$DWGCODEPAGE
  3
ANSI_1252
  9
$LASTSAVEDBY
  1
ezdxf
  9
$INSBASE
 10
0.0
 20
0.0
 30
0.0
  9
$EXTMIN
 10
1e+20
 20
1e+20
 30
1e+20
  9
$EXTMAX
 10
-1e+20
 20
-1e+20
 30
-1e+20
  9
$LIMMIN
 10
0.0
 20
0.0
  9
$LIMMAX
 10
420.0
 20
297.0
  9
$ORTHOMODE
 70
0
  9
$REGENMODE
 70
1
  9
$FILLMODE
 70
1
  9
$QTEXTMODE
 70
0
  9
$MIRRTEXT
 70
1
  9
$LTSCALE
 40
1.0
  9
$ATTMODE
 70
1
  9
$TEXTSIZE
 40
2.5
  9
$TRACEWID
 40
1.0
  9
$TEXTSTYLE
  7
OpenSans
  9
$CLAYER
  8
0
  9
$CELTYPE
  6
ByLayer
  9
$CECOLOR
 62
256
  9
$CELTSCALE
 40
1.0
  9
$DISPSILH
 70
0
  9
$DIMSCALE
 40
1.0
  9
$DIMASZ
 40
0.175
  9
$DIMEXO
 40
0.125
  9
$DIMDLI
 40
3.75
  9
$DIMRND
 40
0.0
  9
$DIMDLE
 40
0.0
  9
$DIMEXE
 40
0.375
  9
$DIMTP
 40
0.0
  9
$DIMTM
 40
0.0
  9
$DIMTXT
 40
0.25
  9
$DIMCEN
 40
2.5
  9
$DIMTSZ
 40
0.0
  9
$DIMTOL
 70
0
  9
$DIMLIM
 70
0
  9
$DIMTIH
 70
0
  9
$DIMTOH
 70
0
  9
$DIMSE1
 70
0
  9
$DIMSE2
 70
0
  9
$DIMTAD
 70
1
  9
$DIMZIN
 70
12
  9
$DIMBLK
  1
ARCHTICK
  9
$DIMASO
 70
1
  9
$DIMSHO
 70
1
  9
$DIMPOST
  1

  9
$DIMAPOST
  1

  9
$DIMALT
 70
0
  9
$DIMALTD
 70
3
  9
$DIMALTF
 40
0.03937007874
  9
$DIMLFAC
 40
100.0
  9
$DIMTOFL
 70
1
  9
$DIMTVP
 40
0.0
  9
$DIMTIX
 70
0
  9
$DIMSOXD
 70
0
  9
$DIMSAH
 70
0
  9
$DIMBLK1
  1

  9
$DIMBLK2
  1

  9
$DIMSTYLE
  2
EZDXF
  9
$DIMCLRD
 70
0
  9
$DIMCLRE
 70
0
  9
$DIMCLRT
 70
0
  9
$DIMTFAC
 40
0.5
  9
$DIMGAP
 40
0.1
  9
$DIMJUST
 70
0
  9
$DIMSD1
 70
0
  9
$DIMSD2
 70
0
  9
$DIMTOLJ
 70
0
  9
$DIMTZIN
 70
8
  9
$DIMALTZ
 70
0
  9
$DIMALTTZ
 70
0
  9
$DIMUPT
 70
1
  9
$DIMDEC
 70
2
  9
$DIMTDEC
 70
2
  9
$DIMALTU
 70
2
  9
$DIMALTTD
 70
3
  9
$DIMTXSTY
  7
OpenSansCondensed-Light
  9
$DIMAUNIT
 70
0
  9
$DIMADEC
 70
2
  9
$DIMALTRND
 40
0.0
  9
$DIMAZIN
 70
3
  9
$DIMDSEP
 70
46
  9
$DIMATFIT
 70
3
  9
$DIMFRAC
 70
0
  9
$DIMLDRBLK
  1

  9
$DIMLUNIT
 70
2
  9
$DIMLWD
 70
-2
  9
$DIMLWE
 70
-2
  9
$DIMTMOVE
 70
2
  9
$DIMFXL
 40
1.0
  9
$DIMFXLON
 70
0
  9
$DIMJOGANG
 40
0.785398163397
  9
$DIMTFILL
 70
0
  9
$DIMTFILLCLR
 70
0
  9
$DIMARCSYM
 70
0
  9
$DIMLTYPE
  6

  9
$DIMLTEX1
  6

  9
$DIMLTEX2
  6

  9
$DIMTXTDIRECTION
 70
0
  9
$LUNITS
 70
2
  9
$LUPREC
 70
4
  9
$SKETCHINC
 40
1.0
  9
$FILLETRAD
 40
10.0
  9
$AUNITS
 70
0
  9
$AUPREC
 70
2
  9
$MENU
  1
.
  9
$ELEVATION
 40
0.0
  9
$PELEVATION
 40
0.0
  9
$THICKNESS
 40
0.0
  9
$LIMCHECK
 70
0
  9
$CHAMFERA
 40
0.0
  9
$CHAMFERB
 40
0.0
  9
$CHAMFERC
 40
0.0
  9
$CHAMFERD
 40
0.0
  9
$SKPOLY
 70
0
  9
$TDCREATE
 40
2461250.8886342593
  9
$TDUCREATE
 40
2458532.153996898
  9
$TDUPDATE
 40
2461250.8886342593
  9
$TDUUPDATE
 40
2458532.1544311
  9
$TDINDWG
 40
0.0
  9
$TDUSRTIMER
 40
0.0
  9
$USRTIMER
 70
1
  9
$ANGBASE
 50
0.0
  9
$ANGDIR
 70
0
  9
$PDMODE
 70
0
  9
$PDSIZE
 40
0.0
  9
$PLINEWID
 40
0.0
  9
$SPLFRAME
 70
0
  9
$SPLINETYPE
 70
6
  9
$SPLINESEGS
 70
8
  9
$HANDSEED
  5
59E
  9
$SURFTAB1
 70
6
  9
$SURFTAB2
 70
6
  9
$SURFTYPE
 70
6
  9
$SURFU
 70
6
  9
$SURFV
 70
6
  9
$UCSBASE
  2

  9
$UCSNAME
  2

  9
$UCSORG
 10
0.0
 20
0.0
 30
0.0
  9
$UCSXDIR
 10
1.0
 20
0.0
 30
0.0
  9
$UCSYDIR
 10
0.0
 20
1.0
 30
0.0
  9
$UCSORTHOREF
  2

  9
$UCSORTHOVIEW
 70
0
  9
$UCSORGTOP
 10
0.0
 20
0.0
 30
0.0
  9
$UCSORGBOTTOM
 10
0.0
 20
0.0
 30
0.0
  9
$UCSORGLEFT
 10
0.0
 20
0.0
 30
0.0
  9
$UCSORGRIGHT
 10
0.0
 20
0.0
 30
0.0
  9
$UCSORGFRONT
 10
0.0
 20
0.0
 30
0.0
  9
$UCSORGBACK
 10
0.0
 20
0.0
 30
0.0
  9
$PUCSBASE
  2

  9
$PUCSNAME
  2

  9
$PUCSORG
 10
0.0
 20
0.0
 30
0.0
  9
$PUCSXDIR
 10
1.0
 20
0.0
 30
0.0
  9
$PUCSYDIR
 10
0.0
 20
1.0
 30
0.0
  9
$PUCSORTHOREF
  2

  9
$PUCSORTHOVIEW
 70
0
  9
$PUCSORGTOP
 10
0.0
 20
0.0
 30
0.0
  9
$PUCSORGBOTTOM
 10
0.0
 20
0.0
 30
0.0
  9
$PUCSORGLEFT
 10
0.0
 20
0.0
 30
0.0
  9
$PUCSORGRIGHT
 10
0.0
 20
0.0
 30
0.0
  9
$PUCSORGFRONT
 10
0.0
 20
0.0
 30
0.0
  9
$PUCSORGBACK
 10
0.0
 20
0.0
 30
0.0
  9
$USERI1
 70
0
  9
$USERI2
 70
0
  9
$USERI3
 70
0
  9
$USERI4
 70
0
  9
$USERI5
 70
0
  9
$USERR1
 40
0.0
  9
$USERR2
 40
0.0
  9
$USERR3
 40
0.0
  9
$USERR4
 40
0.0
  9
$USERR5
 40
0.0
  9
$WORLDVIEW
 70
1
  9
$SHADEDGE
 70
3
  9
$SHADEDIF
 70
70
  9
$TILEMODE
 70
1
  9
$MAXACTVP
 70
64
  9
$PINSBASE
 10
0.0
 20
0.0
 30
0.0
  9
$PLIMCHECK
 70
0
  9
$PEXTMIN
 10
1e+20
 20
1e+20
 30
1e+20
  9
$PEXTMAX
 10
-1e+20
 20
-1e+20
 30
-1e+20
  9
$PLIMMIN
 10
0.0
 20
0.0
  9
$PLIMMAX
 10
420.0
 20
297.0
  9
$UNITMODE
 70
0
  9
$VISRETAIN
 70
1
  9
$PLINEGEN
 70
0
  9
$PSLTSCALE
 70
1
  9
$TREEDEPTH
 70
3020
  9
$CMLSTYLE
  2
Standard
  9
$CMLJUST
 70
0
  9
$CMLSCALE
 40
20.0
  9
$PROXYGRAPHICS
 70
1
  9
$MEASUREMENT
 70
1
  9
$CELWEIGHT
370
-1
  9
$ENDCAPS
280
0
  9
$JOINSTYLE
280
0
  9
$LWDISPLAY
290
0
  9
$INSUNITS
 70
6
  9
$HYPERLINKBASE
  1

  9
$STYLESHEET
  1

  9
$XEDIT
290
1
  9
$CEPSNTYPE
380
0
  9
$PSTYLEMODE
290
1
  9
$FINGERPRINTGUID
  2
{161A67DF-D962-4380-BF46-6F4886B31371}
  9
$VERSIONGUID
  2
{04D5F1F1-6211-49A6-A197-5D9E337C8877}
  9
$EXTNAMES
290
1
  9
$PSVPSCALE
 40
0.0
  9
$OLESTARTUP
290
0
  9
$SORTENTS
280
127
  9
$INDEXCTL
280
0
  9
$HIDETEXT
280
1
  9
$XCLIPFRAME
280
1
  9
$HALOGAP
280
0
  9
$OBSCOLOR
 70
257
  9
$OBSLTYPE
280
0
  9
$INTERSECTIONDISPLAY
280
0
  9
$INTERSECTIONCOLOR
 70
257
  9
$DIMASSOC
280
2
  9
$PROJECTNAME
  1

  9
$CAMERADISPLAY
290
0
  9
$LENSLENGTH
 40
50.0
  9
$CAMERAHEIGHT
 40
0.0
  9
$STEPSPERSEC
 40
24.0
  9
$STEPSIZE
 40
100.0
  9
$3DDWFPREC
 40
2.0
  9
$PSOLWIDTH
 40
0.005
  9
$PSOLHEIGHT
 40
0.08
  9
$LOFTANG1
 40
1.570796326795
  9
$LOFTANG2
 40
1.570796326795
  9
$LOFTMAG1
 40
0.0
  9
$LOFTMAG2
 40
0.0
  9
$LOFTPARAM
 70
7
  9
$LOFTNORMALS
280
1
  9
$LATITUDE
 40
37.795
  9
$LONGITUDE
 40
-122.394
  9
$NORTHDIRECTION
 40
0.0
  9
$TIMEZONE
 70
-8000
  9
$LIGHTGLYPHDISPLAY
280
1
  9
$TILEMODELIGHTSYNCH
280
1
  9
$CMATERIAL
347
20
  9
$SOLIDHIST
280
0
  9
$SHOWHIST
280
1
  9
$DWFFRAME
280
2
  9
$DGNFRAME
280
2
  9
$REALWORLDSCALE
290
1
  9
$INTERFERECOLOR
 62
256
  9
$CSHADOW
280
0
  9
$SHADOWPLANELOCATION
 40
0.0
  0
ENDSEC
  0
SECTION
  2
CLASSES
  0
CLASS
  1
ACDBDICTIONARYWDFLT
  2
AcDbDictionaryWithDefault
  3
ObjectDBX Classes
 90
0
 91
0
280
0
281
0
  0
CLASS
  1
SUN
  2
AcDbSun
  3
SCENEOE
 90
1153
 91
0
280
0
281
0
  0
CLASS
  1
VISUALSTYLE
  2
AcDbVisualStyle
  3
ObjectDBX Classes
 90
4095
 91
0
280
0
281
0
  0
CLASS
  1
MATERIAL
  2
AcDbMaterial
  3
ObjectDBX Classes
 90
1153
 91
0
280
0
281
0
  0
CLASS
  1
SCALE
  2
AcDbScale
  3
ObjectDBX Classes
 90
1153
 91
0
280
0
281
0
  0
CLASS
  1
TABLESTYLE
  2
AcDbTableStyle
  3
ObjectDBX Classes
 90
4095
 91
0
280
0
281
0
  0
CLASS
  1
MLEADERSTYLE
  2
AcDbMLeaderStyle
  3
ACDB_MLEADERSTYLE_CLASS
 90
4095
 91
0
280
0
281
0
  0
CLASS
  1
DICTIONARYVAR
  2
AcDbDictionaryVar
  3
ObjectDBX Classes
 90
0
 91
0
280
0
281
0
  0
CLASS
  1
CELLSTYLEMAP
  2
AcDbCellStyleMap
  3
ObjectDBX Classes
 90
1152
 91
0
280
0
281
0
  0
CLASS
  1
MENTALRAYRENDERSETTINGS
  2
AcDbMentalRayRenderSettings
  3
SCENEOE
 90
1024
 91
0
280
0
281
0
  0
CLASS
  1
ACDBDETAILVIEWSTYLE
  2
AcDbDetailViewStyle
  3
ObjectDBX Classes
 90
1025
 91
0
280
0
281
0
  0
CLASS
  1
ACDBSECTIONVIEWSTYLE
  2
AcDbSectionViewStyle
  3
ObjectDBX Classes
 90
1025
 91
0
280
0
281
0
  0
CLASS
  1
RASTERVARIABLES
  2
AcDbRasterVariables
  3
ISM
 90
0
 91
0
280
0
281
0
  0
CLASS
  1
LAYOUT
  2
AcDbLayout
  3
ObjectDBX Classes
 90
0
 91
0
280
0
281
0
  0
CLASS
  1
ACDBPLACEHOLDER
  2
AcDbPlaceHolder
  3
ObjectDBX Classes
 90
0
 91
0
280
0
281
0
  0
ENDSEC
  0
SECTION
  2
TABLES
  0
TABLE
  2
VPORT
  5
8
330
0
100
AcDbSymbolTable
 70
1
  0
VPORT
  5
23
330
8
100
AcDbSymbolTableRecord
100
AcDbViewportTableRecord
  2
*Active
 70
0
 10
0.0
 20
0.0
 11
1.0
 21
1.0
 12
0.0
 22
0.0
 13
0.0
 23
0.0
 14
0.5
 24
0.5
 15
0.5
 25
0.5
 16
0.0
 26
0.0
 36
1.0
 17
0.0
 27
0.0
 37
0.0
 40
1000.0
 41
1.34
 42
50.0
 43
0.0
 44
0.0
 50
0.0
 51
0.0
 71
0
 72
1000
 73
1
 74
3
 75
0
 76
0
 77
0
 78
0
281
0
 65
0
146
0.0
  0
ENDTAB
  0
TABLE
  2
LTYPE
  5
2
330
0
100
AcDbSymbolTable
 70
21
  0
LTYPE
  5
24
330
2
100
AcDbSymbolTableRecord
100
AcDbLinetypeTableRecord
  2
ByBlock
 70
0
  3

 72
65
 73
0
 40
0.0
  0
LTYPE
  5
25
330
2
100
AcDbSymbolTableRecord
100
AcDbLinetypeTableRecord
  2
ByLayer
 70
0
  3

 72
65
 73
0
 40
0.0
  0
LTYPE
  5
26
330
2
100
AcDbSymbolTableRecord
100
AcDbLinetypeTableRecord
  2
Continuous
 70
0
  3

 72
65
 73
0
 40
0.0
  0
LTYPE
  5
2F
330
2
100
AcDbSymbolTableRecord
100
AcDbLinetypeTableRecord
  2
CENTER
 70
0
  3
Center ____ _ ____ _ ____ _ ____ _ ____ _ ____
 72
65
 73
4
 40
5.08
 49
3.175
 74
0
 49
-0.635
 74
0
 49
0.635
 74
0
 49
-0.635
 74
0
  0
LTYPE
  5
30
330
2
100
AcDbSymbolTableRecord
100
AcDbLinetypeTableRecord
  2
CENTERX2
 70
0
  3
Center (2x) ________  __  ________  __  ________
 72
65
 73
4
 40
8.89
 49
6.35
 74
0
 49
-0.635
 74
0
 49
1.27
 74
0
 49
-0.635
 74
0
  0
LTYPE
  5
31
330
2
100
AcDbSymbolTableRecord
100
AcDbLinetypeTableRecord
  2
CENTER2
 70
0
  3
Center (.5x) ____ _ ____ _ ____ _ ____ _ ____
 72
65
 73
4
 40
2.54
 49
1.587
 74
0
 49
-0.318
 74
0
 49
0.318
 74
0
 49
-0.318
 74
0
  0
LTYPE
  5
32
330
2
100
AcDbSymbolTableRecord
100
AcDbLinetypeTableRecord
  2
DASHED
 70
0
  3
Dashed __ __ __ __ __ __ __ __ __ __ __ __ __ _
 72
65
 73
2
 40
1.524
 49
1.27
 74
0
 49
-0.254
 74
0
  0
LTYPE
  5
33
330
2
100
AcDbSymbolTableRecord
100
AcDbLinetypeTableRecord
  2
DASHEDX2
 70
0
  3
Dashed (2x) ____  ____  ____  ____  ____  ____
 72
65
 73
2
 40
3.048
 49
2.54
 74
0
 49
-0.508
 74
0
  0
LTYPE
  5
34
330
2
100
AcDbSymbolTableRecord
100
AcDbLinetypeTableRecord
  2
DASHED2
 70
0
  3
Dashed (.5x) _ _ _ _ _ _ _ _ _ _ _ _ _ _
 72
65
 73
2
 40
0.762
 49
0.635
 74
0
 49
-0.127
 74
0
  0
LTYPE
  5
35
330
2
100
AcDbSymbolTableRecord
100
AcDbLinetypeTableRecord
  2
PHANTOM
 70
0
  3
Phantom ______  __  __  ______  __  __  ______
 72
65
 73
6
 40
6.35
 49
3.175
 74
0
 49
-0.635
 74
0
 49
0.635
 74
0
 49
-0.635
 74
0
 49
0.635
 74
0
 49
-0.635
 74
0
  0
LTYPE
  5
36
330
2
100
AcDbSymbolTableRecord
100
AcDbLinetypeTableRecord
  2
PHANTOMX2
 70
0
  3
Phantom (2x)____________    ____    ____    ____________
 72
65
 73
6
 40
10.795
 49
6.35
 74
0
 49
-0.635
 74
0
 49
1.27
 74
0
 49
-0.635
 74
0
 49
1.27
 74
0
 49
-0.635
 74
0
  0
LTYPE
  5
37
330
2
100
AcDbSymbolTableRecord
100
AcDbLinetypeTableRecord
  2
PHANTOM2
 70
0
  3
Phantom (.5x) ___ _ _ ___ _ _ ___ _ _ ___ _ _ ___
 72
65
 73
6
 40
3.175
 49
1.587
 74
0
 49
-0.318
 74
0
 49
0.318
 74
0
 49
-0.318
 74
0
 49
0.318
 74
0
 49
-0.318
 74
0
  0
LTYPE
  5
38
330
2
100
AcDbSymbolTableRecord
100
AcDbLinetypeTableRecord
  2
DASHDOT
 70
0
  3
Dash dot __ . __ . __ . __ . __ . __ . __ . __
 72
65
 73
4
 40
3.556
 49
2.54
 74
0
 49
-0.508
 74
0
 49
0.0
 74
0
 49
-0.508
 74
0
  0
LTYPE
  5
39
330
2
100
AcDbSymbolTableRecord
100
AcDbLinetypeTableRecord
  2
DASHDOTX2
 70
0
  3
Dash dot (2x) ____  .  ____  .  ____  .  ____
 72
65
 73
4
 40
6.096
 49
5.08
 74
0
 49
-0.508
 74
0
 49
0.0
 74
0
 49
-0.508
 74
0
  0
LTYPE
  5
3A
330
2
100
AcDbSymbolTableRecord
100
AcDbLinetypeTableRecord
  2
DASHDOT2
 70
0
  3
Dash dot (.5x) _ . _ . _ . _ . _ . _ . _ . _
 72
65
 73
4
 40
1.778
 49
1.27
 74
0
 49
-0.254
 74
0
 49
0.0
 74
0
 49
-0.254
 74
0
  0
LTYPE
  5
3B
330
2
100
AcDbSymbolTableRecord
100
AcDbLinetypeTableRecord
  2
DOT
 70
0
  3
Dot .  .  .  .  .  .  .  .  .  .  .  .  .  .  .  .
 72
65
 73
2
 40
0.508
 49
0.0
 74
0
 49
-0.508
 74
0
  0
LTYPE
  5
3C
330
2
100
AcDbSymbolTableRecord
100
AcDbLinetypeTableRecord
  2
DOTX2
 70
0
  3
Dot (2x) .    .    .    .    .    .    .    . 
 72
65
 73
2
 40
1.016
 49
0.0
 74
0
 49
-1.016
 74
0
  0
LTYPE
  5
3D
330
2
100
AcDbSymbolTableRecord
100
AcDbLinetypeTableRecord
  2
DOT2
 70
0
  3
Dot (.5) . . . . . . . . . . . . . . . . . . . 
 72
65
 73
2
 40
0.254
 49
0.0
 74
0
 49
-0.254
 74
0
  0
LTYPE
  5
3E
330
2
100
AcDbSymbolTableRecord
100
AcDbLinetypeTableRecord
  2
DIVIDE
 70
0
  3
Divide __ . . __ . . __ . . __ . . __ . . __
 72
65
 73
6
 40
4.064
 49
2.54
 74
0
 49
-0.508
 74
0
 49
0.0
 74
0
 49
-0.508
 74
0
 49
0.0
 74
0
 49
-0.508
 74
0
  0
LTYPE
  5
3F
330
2
100
AcDbSymbolTableRecord
100
AcDbLinetypeTableRecord
  2
DIVIDEX2
 70
0
  3
Divide (2x) ____  . .  ____  . .  ____  . .  ____
 72
65
 73
6
 40
6.604
 49
5.08
 74
0
 49
-0.508
 74
0
 49
0.0
 74
0
 49
-0.508
 74
0
 49
0.0
 74
0
 49
-0.508
 74
0
  0
LTYPE
  5
40
330
2
100
AcDbSymbolTableRecord
100
AcDbLinetypeTableRecord
  2
DIVIDE2
 70
0
  3
Divide(.5x) _ . _ . _ . _ . _ . _ . _ . _
 72
65
 73
6
 40
2.032
 49
1.27
 74
0
 49
-0.254
 74
0
 49
0.0
 74
0
 49
-0.254
 74
0
 49
0.0
 74
0
 49
-0.254
 74
0
  0
ENDTAB
  0
TABLE
  2
LAYER
  5
1
330
0
100
AcDbSymbolTable
 70
13
  0
LAYER
  5
27
330
1
100
AcDbSymbolTableRecord
100
AcDbLayerTableRecord
  2
0
 70
0
 62
7
  6
Continuous
370
-3
390
13
347
21
  0
LAYER
  5
28
330
1
100
AcDbSymbolTableRecord
100
AcDbLayerTableRecord
  2
Defpoints
 70
0
 62
7
  6
Continuous
290
0
370
-3
390
13
347
21
  0
LAYER
  5
8A
330
1
100
AcDbSymbolTableRecord
100
AcDbLayerTableRecord
  2
3D_ESTRUCTURA_COLUMNAS
 70
0
 62
7
  6
Continuous
370
-3
390
13
347
21
  0
LAYER
  5
8B
330
1
100
AcDbSymbolTableRecord
100
AcDbLayerTableRecord
  2
3D_ESTRUCTURA_TIJERALES
 70
0
 62
8
  6
Continuous
370
-3
390
13
347
21
  0
LAYER
  5
8C
330
1
100
AcDbSymbolTableRecord
100
AcDbLayerTableRecord
  2
3D_MUROS
 70
0
 62
9
  6
Continuous
370
-3
390
13
347
21
  0
LAYER
  5
8D
330
1
100
AcDbSymbolTableRecord
100
AcDbLayerTableRecord
  2
3D_BANDEJA_PORTACABLES
 70
0
 62
4
  6
Continuous
370
-3
390
13
347
21
  0
LAYER
  5
8E
330
1
100
AcDbSymbolTableRecord
100
AcDbLayerTableRecord
  2
3D_LUMINARIAS_HIGHBAY
 70
0
 62
2
  6
Continuous
370
-3
390
13
347
21
  0
LAYER
  5
8F
330
1
100
AcDbSymbolTableRecord
100
AcDbLayerTableRecord
  2
3D_TABLEROS_TGD
 70
0
 62
1
  6
Continuous
370
-3
390
13
347
21
  0
LAYER
  5
90
330
1
100
AcDbSymbolTableRecord
100
AcDbLayerTableRecord
  2
3D_STECKER_TOMAS
 70
0
 62
5
  6
Continuous
370
-3
390
13
347
21
  0
LAYER
  5
91
330
1
100
AcDbSymbolTableRecord
100
AcDbLayerTableRecord
  2
3D_MAQUINARIA
 70
0
 62
6
  6
Continuous
370
-3
390
13
347
21
  0
LAYER
  5
92
330
1
100
AcDbSymbolTableRecord
100
AcDbLayerTableRecord
  2
3D_MALLA_TIERRA
 70
0
 62
3
  6
Continuous
370
-3
390
13
347
21
  0
LAYER
  5
93
330
1
100
AcDbSymbolTableRecord
100
AcDbLayerTableRecord
  2
3D_TEXTOS_EJES
 70
0
 62
7
  6
Continuous
370
-3
390
13
347
21
  0
LAYER
  5
94
330
1
100
AcDbSymbolTableRecord
100
AcDbLayerTableRecord
  2
MARCO_CAJETIN
 70
0
 62
7
  6
Continuous
370
-3
390
13
347
21
  0
ENDTAB
  0
TABLE
  2
STYLE
  5
5
330
0
100
AcDbSymbolTable
 70
26
  0
STYLE
  5
29
330
5
100
AcDbSymbolTableRecord
100
AcDbTextStyleTableRecord
  2
Standard
 70
0
 40
0.0
 41
1.0
 50
0.0
 71
0
 42
2.5
  3
txt
  4

  0
STYLE
  5
41
330
5
100
AcDbSymbolTableRecord
100
AcDbTextStyleTableRecord
  2
OpenSans-Light
 70
0
 40
0.0
 41
1.0
 50
0.0
 71
0
 42
2.5
  3
OpenSans-Light.ttf
  4

  0
STYLE
  5
42
330
5
100
AcDbSymbolTableRecord
100
AcDbTextStyleTableRecord
  2
OpenSans-Light-Italic
 70
0
 40
0.0
 41
1.0
 50
0.0
 71
0
 42
2.5
  3
OpenSans-LightItalic.ttf
  4

  0
STYLE
  5
43
330
5
100
AcDbSymbolTableRecord
100
AcDbTextStyleTableRecord
  2
OpenSans
 70
0
 40
0.0
 41
1.0
 50
0.0
 71
0
 42
2.5
  3
OpenSans-Regular.ttf
  4

  0
STYLE
  5
44
330
5
100
AcDbSymbolTableRecord
100
AcDbTextStyleTableRecord
  2
OpenSans-Italic
 70
0
 40
0.0
 41
1.0
 50
0.0
 71
0
 42
2.5
  3
OpenSans-Italic.ttf
  4

  0
STYLE
  5
45
330
5
100
AcDbSymbolTableRecord
100
AcDbTextStyleTableRecord
  2
OpenSans-SemiBold
 70
0
 40
0.0
 41
1.0
 50
0.0
 71
0
 42
2.5
  3
OpenSans-SemiBold.ttf
  4

  0
STYLE
  5
46
330
5
100
AcDbSymbolTableRecord
100
AcDbTextStyleTableRecord
  2
OpenSans-SemiBoldItalic
 70
0
 40
0.0
 41
1.0
 50
0.0
 71
0
 42
2.5
  3
OpenSans-SemiBoldItalic.ttf
  4

  0
STYLE
  5
47
330
5
100
AcDbSymbolTableRecord
100
AcDbTextStyleTableRecord
  2
OpenSans-Bold
 70
0
 40
0.0
 41
1.0
 50
0.0
 71
0
 42
2.5
  3
OpenSans-Bold.ttf
  4

  0
STYLE
  5
48
330
5
100
AcDbSymbolTableRecord
100
AcDbTextStyleTableRecord
  2
OpenSans-BoldItalic
 70
0
 40
0.0
 41
1.0
 50
0.0
 71
0
 42
2.5
  3
OpenSans-BoldItalic.ttf
  4

  0
STYLE
  5
49
330
5
100
AcDbSymbolTableRecord
100
AcDbTextStyleTableRecord
  2
OpenSans-ExtraBold
 70
0
 40
0.0
 41
1.0
 50
0.0
 71
0
 42
2.5
  3
OpenSans-ExtraBold.ttf
  4

  0
STYLE
  5
4A
330
5
100
AcDbSymbolTableRecord
100
AcDbTextStyleTableRecord
  2
OpenSans-ExtraBoldItalic
 70
0
 40
0.0
 41
1.0
 50
0.0
 71
0
 42
2.5
  3
OpenSans-ExtraBoldItalic.ttf
  4

  0
STYLE
  5
4B
330
5
100
AcDbSymbolTableRecord
100
AcDbTextStyleTableRecord
  2
OpenSansCondensed-Bold
 70
0
 40
0.0
 41
1.0
 50
0.0
 71
0
 42
2.5
  3
OpenSansCondensed-Bold.ttf
  4

  0
STYLE
  5
4C
330
5
100
AcDbSymbolTableRecord
100
AcDbTextStyleTableRecord
  2
OpenSansCondensed-Light
 70
0
 40
0.0
 41
1.0
 50
0.0
 71
0
 42
2.5
  3
OpenSansCondensed-Light.ttf
  4

  0
STYLE
  5
4D
330
5
100
AcDbSymbolTableRecord
100
AcDbTextStyleTableRecord
  2
OpenSansCondensed-Italic
 70
0
 40
0.0
 41
1.0
 50
0.0
 71
0
 42
2.5
  3
OpenSansCondensed-LightItalic.ttf
  4

  0
STYLE
  5
4E
330
5
100
AcDbSymbolTableRecord
100
AcDbTextStyleTableRecord
  2
LiberationSans
 70
0
 40
0.0
 41
1.0
 50
0.0
 71
0
 42
2.5
  3
LiberationSans-Regular.ttf
  4

  0
STYLE
  5
4F
330
5
100
AcDbSymbolTableRecord
100
AcDbTextStyleTableRecord
  2
LiberationSans-Bold
 70
0
 40
0.0
 41
1.0
 50
0.0
 71
0
 42
2.5
  3
LiberationSans-Bold.ttf
  4

  0
STYLE
  5
50
330
5
100
AcDbSymbolTableRecord
100
AcDbTextStyleTableRecord
  2
LiberationSans-BoldItalic
 70
0
 40
0.0
 41
1.0
 50
0.0
 71
0
 42
2.5
  3
LiberationSans-BoldItalic.ttf
  4

  0
STYLE
  5
51
330
5
100
AcDbSymbolTableRecord
100
AcDbTextStyleTableRecord
  2
LiberationSans-Italic
 70
0
 40
0.0
 41
1.0
 50
0.0
 71
0
 42
2.5
  3
LiberationSans-Italic.ttf
  4

  0
STYLE
  5
52
330
5
100
AcDbSymbolTableRecord
100
AcDbTextStyleTableRecord
  2
LiberationSerif
 70
0
 40
0.0
 41
1.0
 50
0.0
 71
0
 42
2.5
  3
LiberationSerif-Regular.ttf
  4

  0
STYLE
  5
53
330
5
100
AcDbSymbolTableRecord
100
AcDbTextStyleTableRecord
  2
LiberationSerif-Bold
 70
0
 40
0.0
 41
1.0
 50
0.0
 71
0
 42
2.5
  3
LiberationSerif-Bold.ttf
  4

  0
STYLE
  5
54
330
5
100
AcDbSymbolTableRecord
100
AcDbTextStyleTableRecord
  2
LiberationSerif-BoldItalic
 70
0
 40
0.0
 41
1.0
 50
0.0
 71
0
 42
2.5
  3
LiberationSerif-BoldItalic.ttf
  4

  0
STYLE
  5
55
330
5
100
AcDbSymbolTableRecord
100
AcDbTextStyleTableRecord
  2
LiberationSerif-Italic
 70
0
 40
0.0
 41
1.0
 50
0.0
 71
0
 42
2.5
  3
LiberationSerif-Italic.ttf
  4

  0
STYLE
  5
56
330
5
100
AcDbSymbolTableRecord
100
AcDbTextStyleTableRecord
  2
LiberationMono
 70
0
 40
0.0
 41
1.0
 50
0.0
 71
0
 42
2.5
  3
LiberationMono-Regular.ttf
  4

  0
STYLE
  5
57
330
5
100
AcDbSymbolTableRecord
100
AcDbTextStyleTableRecord
  2
LiberationMono-Bold
 70
0
 40
0.0
 41
1.0
 50
0.0
 71
0
 42
2.5
  3
LiberationMono-Bold.ttf
  4

  0
STYLE
  5
58
330
5
100
AcDbSymbolTableRecord
100
AcDbTextStyleTableRecord
  2
LiberationMono-BoldItalic
 70
0
 40
0.0
 41
1.0
 50
0.0
 71
0
 42
2.5
  3
LiberationMono-BoldItalic.ttf
  4

  0
STYLE
  5
59
330
5
100
AcDbSymbolTableRecord
100
AcDbTextStyleTableRecord
  2
LiberationMono-Italic
 70
0
 40
0.0
 41
1.0
 50
0.0
 71
0
 42
2.5
  3
LiberationMono-Italic.ttf
  4

  0
ENDTAB
  0
TABLE
  2
VIEW
  5
7
330
0
100
AcDbSymbolTable
 70
0
  0
ENDTAB
  0
TABLE
  2
UCS
  5
6
330
0
100
AcDbSymbolTable
 70
0
  0
ENDTAB
  0
TABLE
  2
APPID
  5
3
330
0
100
AcDbSymbolTable
 70
3
  0
APPID
  5
2A
330
3
100
AcDbSymbolTableRecord
100
AcDbRegAppTableRecord
  2
ACAD
 70
0
  0
APPID
  5
59B
330
3
100
AcDbSymbolTableRecord
100
AcDbRegAppTableRecord
  2
HATCHBACKGROUNDCOLOR
 70
0
  0
APPID
  5
59C
330
3
100
AcDbSymbolTableRecord
100
AcDbRegAppTableRecord
  2
EZDXF
 70
0
  0
ENDTAB
  0
TABLE
  2
DIMSTYLE
  5
4
330
0
100
AcDbSymbolTable
 70
12
100
AcDbDimStyleTable
  0
DIMSTYLE
105
2B
330
4
100
AcDbSymbolTableRecord
100
AcDbDimStyleTableRecord
  2
Standard
 70
0
 40
1.0
 41
2.5
 42
0.625
 43
3.75
 44
1.25
 45
0.0
 46
0.0
 47
0.0
 48
0.0
 49
2.5
140
2.5
141
2.5
142
0.0
143
0.03937007874
144
1.0
145
0.0
146
1.0
147
0.625
148
0.0
 69
0
 70
0
 71
0
 72
0
 73
0
 74
0
 75
0
 76
0
 77
1
 78
8
 79
3
170
0
171
3
172
1
173
0
174
0
175
0
176
0
177
0
178
0
179
2
271
2
272
2
273
2
274
3
275
0
276
0
277
2
278
44
279
0
280
0
281
0
282
0
283
0
284
8
285
0
286
0
288
0
289
3
290
0
371
-2
372
-2
  0
DIMSTYLE
105
73
330
4
100
AcDbSymbolTableRecord
100
AcDbDimStyleTableRecord
  2
EZDXF
 70
0
 40
1.0
 41
0.175
 42
0.125
 43
3.75
 44
0.375
 45
0.0
 46
0.0
 47
0.0
 48
0.0
 49
2.5
140
0.25
141
2.5
142
0.0
143
0.03937007874
144
100.0
145
0.0
146
0.5
147
0.1
148
0.0
 69
0
 70
0
 71
0
 72
0
 73
0
 74
0
 75
0
 76
0
 77
1
 78
12
 79
3
170
0
171
3
172
1
173
0
174
0
175
0
176
0
177
0
178
0
179
2
271
2
272
2
273
2
274
3
275
0
276
0
277
2
278
46
279
2
280
0
281
0
282
0
283
0
284
8
285
0
286
0
288
1
289
3
290
0
340
4C
342
74
371
-2
372
-2
  0
DIMSTYLE
105
7C
330
4
100
AcDbSymbolTableRecord
100
AcDbDimStyleTableRecord
  2
EZ_M_100_H25_CM
 70
0
 40
1.0
 41
0.25
 42
0.125
 43
3.75
 44
0.375
 45
0.0
 46
0.0
 47
0.0
 48
0.0
 49
2.5
140
0.25
141
2.5
142
0.125
143
0.03937007874
144
100.0
145
0.0
146
0.5
147
0.1
148
0.0
 69
0
 70
0
 71
0
 72
0
 73
0
 74
0
 75
0
 76
0
 77
1
 78
12
 79
3
170
0
171
3
172
1
173
0
174
0
175
0
176
0
177
0
178
0
179
2
271
2
272
2
273
2
274
3
275
0
276
0
277
2
278
46
279
2
280
0
281
0
282
0
283
0
284
8
285
0
286
0
288
1
289
3
290
0
340
4C
371
-2
372
-2
  0
DIMSTYLE
105
7D
330
4
100
AcDbSymbolTableRecord
100
AcDbDimStyleTableRecord
  2
EZ_M_50_H25_CM
 70
0
 40
1.0
 41
0.125
 42
0.0625
 43
3.75
 44
0.1875
 45
0.0
 46
0.0
 47
0.0
 48
0.0
 49
2.5
140
0.125
141
2.5
142
0.0625
143
0.03937007874
144
100.0
145
0.0
146
0.5
147
0.05
148
0.0
 69
0
 70
0
 71
0
 72
0
 73
0
 74
0
 75
0
 76
0
 77
1
 78
12
 79
3
170
0
171
3
172
1
173
0
174
0
175
0
176
0
177
0
178
0
179
2
271
2
272
2
273
2
274
3
275
0
276
0
277
2
278
46
279
2
280
0
281
0
282
0
283
0
284
8
285
0
286
0
288
1
289
3
290
0
340
4C
371
-2
372
-2
  0
DIMSTYLE
105
7E
330
4
100
AcDbSymbolTableRecord
100
AcDbDimStyleTableRecord
  2
EZ_M_25_H25_CM
 70
0
 40
1.0
 41
0.0625
 42
0.03125
 43
3.75
 44
0.09375
 45
0.0
 46
0.0
 47
0.0
 48
0.0
 49
2.5
140
0.0625
141
2.5
142
0.03125
143
0.03937007874
144
100.0
145
0.0
146
0.5
147
0.025
148
0.0
 69
0
 70
0
 71
0
 72
0
 73
0
 74
0
 75
0
 76
0
 77
1
 78
12
 79
3
170
0
171
3
172
1
173
0
174
0
175
0
176
0
177
0
178
0
179
2
271
2
272
2
273
2
274
3
275
0
276
0
277
2
278
46
279
2
280
0
281
0
282
0
283
0
284
8
285
0
286
0
288
1
289
3
290
0
340
4C
371
-2
372
-2
  0
DIMSTYLE
105
7F
330
4
100
AcDbSymbolTableRecord
100
AcDbDimStyleTableRecord
  2
EZ_M_20_H25_CM
 70
0
 40
1.0
 41
0.05
 42
0.025
 43
3.75
 44
0.07500000000000001
 45
0.0
 46
0.0
 47
0.0
 48
0.0
 49
2.5
140
0.05
141
2.5
142
0.025
143
0.03937007874
144
100.0
145
0.0
146
0.5
147
0.020000000000000004
148
0.0
 69
0
 70
0
 71
0
 72
0
 73
0
 74
0
 75
0
 76
0
 77
1
 78
12
 79
3
170
0
171
3
172
1
173
0
174
0
175
0
176
0
177
0
178
0
179
2
271
2
272
2
273
2
274
3
275
0
276
0
277
2
278
46
279
2
280
0
281
0
282
0
283
0
284
8
285
0
286
0
288
1
289
3
290
0
340
4C
371
-2
372
-2
  0
DIMSTYLE
105
80
330
4
100
AcDbSymbolTableRecord
100
AcDbDimStyleTableRecord
  2
EZ_M_10_H25_CM
 70
0
 40
1.0
 41
0.025
 42
0.0125
 43
3.75
 44
0.037500000000000006
 45
0.0
 46
0.0
 47
0.0
 48
0.0
 49
2.5
140
0.025
141
2.5
142
0.0125
143
0.03937007874
144
100.0
145
0.0
146
0.5
147
0.010000000000000002
148
0.0
 69
0
 70
0
 71
0
 72
0
 73
0
 74
0
 75
0
 76
0
 77
1
 78
12
 79
3
170
0
171
3
172
1
173
0
174
0
175
0
176
0
177
0
178
0
179
2
271
2
272
2
273
2
274
3
275
0
276
0
277
2
278
46
279
2
280
0
281
0
282
0
283
0
284
8
285
0
286
0
288
1
289
3
290
0
340
4C
371
-2
372
-2
  0
DIMSTYLE
105
81
330
4
100
AcDbSymbolTableRecord
100
AcDbDimStyleTableRecord
  2
EZ_M_5_H25_CM
 70
0
 40
1.0
 41
0.0125
 42
0.00625
 43
3.75
 44
0.018750000000000003
 45
0.0
 46
0.0
 47
0.0
 48
0.0
 49
2.5
140
0.0125
141
2.5
142
0.00625
143
0.03937007874
144
100.0
145
0.0
146
0.5
147
0.005000000000000001
148
0.0
 69
0
 70
0
 71
0
 72
0
 73
0
 74
0
 75
0
 76
0
 77
1
 78
12
 79
3
170
0
171
3
172
1
173
0
174
0
175
0
176
0
177
0
178
0
179
2
271
2
272
2
273
2
274
3
275
0
276
0
277
2
278
46
279
2
280
0
281
0
282
0
283
0
284
8
285
0
286
0
288
1
289
3
290
0
340
4C
371
-2
372
-2
  0
DIMSTYLE
105
82
330
4
100
AcDbSymbolTableRecord
100
AcDbDimStyleTableRecord
  2
EZ_M_1_H25_CM
 70
0
 40
1.0
 41
0.0025
 42
0.00125
 43
3.75
 44
0.00375
 45
0.0
 46
0.0
 47
0.0
 48
0.0
 49
2.5
140
0.0025
141
2.5
142
0.00125
143
0.03937007874
144
100.0
145
0.0
146
0.5
147
0.001
148
0.0
 69
0
 70
0
 71
0
 72
0
 73
0
 74
0
 75
0
 76
0
 77
1
 78
12
 79
3
170
0
171
3
172
1
173
0
174
0
175
0
176
0
177
0
178
0
179
2
271
2
272
2
273
2
274
3
275
0
276
0
277
2
278
46
279
2
280
0
281
0
282
0
283
0
284
8
285
0
286
0
288
1
289
3
290
0
340
4C
371
-2
372
-2
  0
DIMSTYLE
105
83
330
4
100
AcDbSymbolTableRecord
100
AcDbDimStyleTableRecord
  2
EZ_RADIUS
 70
0
 40
1.0
 41
0.25
 42
0.125
 43
3.75
 44
0.375
 45
0.0
 46
0.0
 47
0.0
 48
0.0
 49
2.5
140
0.25
141
0.0
142
0.0
143
0.03937007874
144
100.0
145
0.0
146
0.5
147
0.1
148
0.0
 69
0
 70
0
 71
0
 72
0
 73
0
 74
0
 75
0
 76
0
 77
1
 78
12
 79
3
170
0
171
3
172
0
173
0
174
0
175
0
176
0
177
0
178
0
179
2
271
2
272
2
273
2
274
3
275
0
276
0
277
2
278
46
279
1
280
0
281
0
282
0
283
0
284
8
285
0
286
0
288
1
289
3
290
0
340
4C
342
84
371
-2
372
-2
  0
DIMSTYLE
105
88
330
4
100
AcDbSymbolTableRecord
100
AcDbDimStyleTableRecord
  2
EZ_RADIUS_INSIDE
 70
0
 40
1.0
 41
0.25
 42
0.125
 43
3.75
 44
0.375
 45
0.0
 46
0.0
 47
0.0
 48
0.0
 49
2.5
140
0.25
141
0.0
142
0.0
143
0.03937007874
144
100.0
145
0.0
146
0.5
147
0.1
148
0.0
 69
0
 70
0
 71
0
 72
0
 73
0
 74
0
 75
0
 76
0
 77
0
 78
12
 79
3
170
0
171
3
172
0
173
0
174
1
175
0
176
0
177
0
178
0
179
2
271
2
272
2
273
2
274
3
275
0
276
0
277
2
278
46
279
0
280
0
281
0
282
0
283
0
284
8
285
0
286
0
288
1
289
0
290
0
340
4C
342
84
371
-2
372
-2
  0
DIMSTYLE
105
89
330
4
100
AcDbSymbolTableRecord
100
AcDbDimStyleTableRecord
  2
EZ_CURVED
 70
0
 40
1.0
 41
0.25
 42
0.125
 43
3.75
 44
0.375
 45
0.0
 46
0.0
 47
0.0
 48
0.0
 49
2.5
140
0.25
141
2.5
142
0.0
143
0.03937007874
144
100.0
145
0.0
146
0.5
147
0.1
148
0.0
 69
0
 70
0
 71
0
 72
0
 73
0
 74
0
 75
0
 76
0
 77
1
 78
12
 79
2
 90
2
170
0
171
3
172
1
173
0
174
0
175
0
176
0
177
0
178
0
179
2
271
2
272
2
273
2
274
3
275
0
276
0
277
2
278
46
279
2
280
0
281
0
282
0
283
0
284
8
285
0
286
0
288
1
289
3
290
0
340
4C
371
-2
372
-2
  0
ENDTAB
  0
TABLE
  2
BLOCK_RECORD
  5
9
330
0
100
AcDbSymbolTable
 70
5
  0
BLOCK_RECORD
  5
17
330
9
100
AcDbSymbolTableRecord
100
AcDbBlockTableRecord
  2
*Model_Space
340
1A
 70
0
280
1
281
0
  0
BLOCK_RECORD
  5
1B
330
9
100
AcDbSymbolTableRecord
100
AcDbBlockTableRecord
  2
*Paper_Space
340
1E
 70
0
280
1
281
0
  0
BLOCK_RECORD
  5
74
330
9
100
AcDbSymbolTableRecord
100
AcDbBlockTableRecord
  2
_ARCHTICK
340
0
 70
0
280
1
281
0
  0
BLOCK_RECORD
  5
78
330
9
100
AcDbSymbolTableRecord
100
AcDbBlockTableRecord
  2
_CLOSEDFILLED
340
0
 70
0
280
1
281
0
  0
BLOCK_RECORD
  5
84
330
9
100
AcDbSymbolTableRecord
100
AcDbBlockTableRecord
  2
_CLOSEDBLANK
340
0
 70
0
280
1
281
0
  0
ENDTAB
  0
ENDSEC
  0
SECTION
  2
BLOCKS
  0
BLOCK
  5
18
330
17
100
AcDbEntity
  8
0
100
AcDbBlockBegin
  2
*Model_Space
 70
0
 10
0.0
 20
0.0
 30
0.0
  3
*Model_Space
  1

  0
ENDBLK
  5
19
330
17
100
AcDbEntity
  8
0
100
AcDbBlockEnd
  0
BLOCK
  5
1C
330
1B
100
AcDbEntity
  8
0
100
AcDbBlockBegin
  2
*Paper_Space
 70
0
 10
0.0
 20
0.0
 30
0.0
  3
*Paper_Space
  1

  0
ENDBLK
  5
1D
330
1B
100
AcDbEntity
  8
0
100
AcDbBlockEnd
  0
BLOCK
  5
75
330
74
100
AcDbEntity
  8
0
100
AcDbBlockBegin
  2
_ARCHTICK
 70
0
 10
0.0
 20
0.0
 30
0.0
  3
_ARCHTICK
  1

  0
LWPOLYLINE
  5
77
330
74
100
AcDbEntity
  8
0
  6
BYBLOCK
 62
0
100
AcDbPolyline
 90
2
 70
0
 43
0.15
 10
-0.5
 20
-0.5
 10
0.5
 20
0.5
  0
ENDBLK
  5
76
330
74
100
AcDbEntity
  8
0
100
AcDbBlockEnd
  0
BLOCK
  5
79
330
78
100
AcDbEntity
  8
0
100
AcDbBlockBegin
  2
_CLOSEDFILLED
 70
0
 10
0.0
 20
0.0
 30
0.0
  3
_CLOSEDFILLED
  1

  0
SOLID
  5
7B
330
78
100
AcDbEntity
  8
0
  6
BYBLOCK
 62
0
100
AcDbTrace
 10
-1.0
 20
0.16439898372402537
 30
0.0
 11
0.0
 21
0.0
 31
0.0
 12
-1.0
 22
-0.16439898372402537
 32
0.0
 13
-1.0
 23
-0.16439898372402537
 33
0.0
  0
ENDBLK
  5
7A
330
78
100
AcDbEntity
  8
0
100
AcDbBlockEnd
  0
BLOCK
  5
85
330
84
100
AcDbEntity
  8
0
100
AcDbBlockBegin
  2
_CLOSEDBLANK
 70
0
 10
0.0
 20
0.0
 30
0.0
  3
_CLOSEDBLANK
  1

  0
LWPOLYLINE
  5
87
330
84
100
AcDbEntity
  8
0
  6
BYBLOCK
 62
0
100
AcDbPolyline
 90
3
 70
1
 10
-1.0
 20
0.16439898372402537
 10
0.0
 20
0.0
 10
-1.0
 20
-0.16439898372402537
  0
ENDBLK
  5
86
330
84
100
AcDbEntity
  8
0
100
AcDbBlockEnd
  0
ENDSEC
  0
SECTION
  2
ENTITIES
  0
POLYLINE
  5
95
330
17
100
AcDbEntity
  8
3D_ESTRUCTURA_COLUMNAS
100
AcDb3dPolyline
 66
1
 10
0.0
 20
0.0
 30
0.0
 70
8
  0
VERTEX
  5
97
330
17
100
AcDbEntity
  8
3D_ESTRUCTURA_COLUMNAS
100
AcDbVertex
100
AcDb3dPolylineVertex
 10
-0.4
 20
-0.2
 30
0.0
 70
32
  0
VERTEX
  5
98
330
17
100
AcDbEntity
  8
3D_ESTRUCTURA_COLUMNAS
100
AcDbVertex
100
AcDb3dPolylineVertex
 10
0.0
 20
-0.2
 30
0.0
 70
32
  0
VERTEX
  5
99
330
17
100
AcDbEntity
  8
3D_ESTRUCTURA_COLUMNAS
100
AcDbVertex
100
AcDb3dPolylineVertex
 10
0.0
 20
0.2
 30
0.0
 70
32
  0
VERTEX
  5
9A
330
17
100
AcDbEntity
  8
3D_ESTRUCTURA_COLUMNAS
100
AcDbVertex
100
AcDb3dPolylineVertex
 10
-0.4
 20
0.2
 30
0.0
 70
32
  0
VERTEX
  5
9B
330
17
100
AcDbEntity
  8
3D_ESTRUCTURA_COLUMNAS
100
AcDbVertex
100
AcDb3dPolylineVertex
 10
-0.4
 20
-0.2
 30
0.0
 70
32
  0
SEQEND
  5
96
330
95
100
AcDbEntity
  8
3D_ESTRUCTURA_COLUMNAS
  0
POLYLINE
  5
9C
330
17
100
AcDbEntity
  8
3D_ESTRUCTURA_COLUMNAS
100
AcDb3dPolyline
 66
1
 10
0.0
 20
0.0
 30
0.0
 70
8
  0
VERTEX
  5
9E
330
17
100
AcDbEntity
  8
3D_ESTRUCTURA_COLUMNAS
100
AcDbVertex
100
AcDb3dPolylineVertex
 10
-0.4
 20
-0.2
 30
8.0
 70
32
  0
VERTEX
  5
9F
330
17
100
AcDbEntity
  8
3D_ESTRUCTURA_COLUMNAS
100
AcDbVertex
100
AcDb3dPolylineVertex
 10
0.0
 20
-0.2
 30
8.0
 70
32
  0
VERTEX
  5
A0
330
17
100
AcDbEntity
  8
3D_ESTRUCTURA_COLUMNAS
100
AcDbVertex
100
AcDb3dPolylineVertex
 10
0.0
 20
0.2
 30
8.0
 70
32
  0
VERTEX
  5
A1
330
17
100
AcDbEntity
  8
3D_ESTRUCTURA_COLUMNAS
100
AcDbVertex
100
AcDb3dPolylineVertex
 10
-0.4
 20
0.2
 30
8.0
 70
32
  0
VERTEX
  5
A2
330
17
100
AcDbEntity
  8
3D_ESTRUCTURA_COLUMNAS
100
AcDbVertex
100
AcDb3dPolylineVertex
 10
-0.4
 20
-0.2
 30
8.0
 70
32
  0
SEQEND
  5
9D
330
9C
100
AcDbEntity
  8
3D_ESTRUCTURA_COLUMNAS
  0
LINE
  5
A3
330
17
100
AcDbEntity
  8
3D_ESTRUCTURA_COLUMNAS
100
AcDbLine
 10
-0.4
 20
-0.2
 30
0.0
 11
-0.4
 21
-0.2
 31
8.0
  0
LINE
  5
A4
330
17
100
AcDbEntity
  8
3D_ESTRUCTURA_COLUMNAS
100
AcDbLine
 10
0.0
 20
-0.2
 30
0.0
 11
0.0
 21
-0.2
 31
8.0
  0
LINE
  5
A5
330
17
100
AcDbEntity
  8
3D_ESTRUCTURA_COLUMNAS
100
AcDbLine
 10
0.0
 20
0.2
 30
0.0
 11
0.0
 21
0.2
 31
8.0
  0
LINE
  5
A6
330
17
100
AcDbEntity
  8
3D_ESTRUCTURA_COLUMNAS
100
AcDbLine
 10
-0.4
 20
0.2
 30
0.0
 11
-0.4
 21
0.2
 31
8.0
  0
POLYLINE
  5
A7
330
17
100
AcDbEntity
  8
3D_ESTRUCTURA_COLUMNAS
100
AcDb3dPolyline
 66
1
 10
0.0
 20
0.0
 30
0.0
 70
8
  0
VERTEX
  5
A9
330
17
100
AcDbEntity
  8
3D_ESTRUCTURA_COLUMNAS
100
AcDbVertex
100
AcDb3dPolylineVertex
 10
20.0
 20
-0.2
 30
0.0
 70
32
  0
VERTEX
  5
AA
330
17
100
AcDbEntity
  8
3D_ESTRUCTURA_COLUMNAS
100
AcDbVertex
100
AcDb3dPolylineVertex
 10
20.4
 20
-0.2
 30
0.0
 70
32
  0
VERTEX
  5
AB
330
17
100
AcDbEntity
  8
3D_ESTRUCTURA_COLUMNAS
100
AcDbVertex
100
AcDb3dPolylineVertex
 10
20.4
 20
0.2
 30
0.0
 70
32
  0
VERTEX
  5
AC
330
17
100
AcDbEntity
  8
3D_ESTRUCTURA_COLUMNAS
100
AcDbVertex
100
AcDb3dPolylineVertex
 10
20.0
 20
0.2
 30
0.0
 70
32
  0
VERTEX
  5
AD
330
17
100
AcDbEntity
  8
3D_ESTRUCTURA_COLUMNAS
100
AcDbVertex
100
AcDb3dPolylineVertex
 10
20.0
 20
-0.2
 30
0.0
 70
32
  0
SEQEND
  5
A8
330
A7
100
AcDbEntity
  8
3D_ESTRUCTURA_COLUMNAS
  0
POLYLINE
  5
AE
330
17
100
AcDbEntity
  8
3D_ESTRUCTURA_COLUMNAS
100
AcDb3dPolyline
 66
1
 10
0.0
 20
0.0
 30
0.0
 70
8
  0
VERTEX
  5
B0
330
17
100
AcDbEntity
  8
3D_ESTRUCTURA_COLUMNAS
100
AcDbVertex
100
AcDb3dPolylineVertex
 10
20.0
 20
-0.2
 30
8.0
 70
32
  0
VERTEX
  5
B1
330
17
100
AcDbEntity
  8
3D_ESTRUCTURA_COLUMNAS
100
AcDbVertex
100
AcDb3dPolylineVertex
 10
20.4
 20
-0.2
 30
8.0
 70
32
  0
VERTEX
  5
B2
330
17
100
AcDbEntity
  8
3D_ESTRUCTURA_COLUMNAS
100
AcDbVertex
100
AcDb3dPolylineVertex
 10
20.4
 20
0.2
 30
8.0
 70
32
  0
VERTEX
  5
B3
330
17
100
AcDbEntity
  8
3D_ESTRUCTURA_COLUMNAS
100
AcDbVertex
100
AcDb3dPolylineVertex
 10
20.0
 20
0.2
 30
8.0
 70
32
  0
VERTEX
  5
B4
330
17
100
AcDbEntity
  8
3D_ESTRUCTURA_COLUMNAS
100
AcDbVertex
100
AcDb3dPolylineVertex
 10
20.0
 20
-0.2
 30
8.0
 70
32
  0
SEQEND
  5
AF
330
AE
100
AcDbEntity
  8
3D_ESTRUCTURA_COLUMNAS
  0
LINE
  5
B5
330
17
100
AcDbEntity
  8
3D_ESTRUCTURA_COLUMNAS
100
AcDbLine
 10
20.0
 20
-0.2
 30
0.0
 11
20.0
 21
-0.2
 31
8.0
  0
LINE
  5
B6
330
17
100
AcDbEntity
  8
3D_ESTRUCTURA_COLUMNAS
100
AcDbLine
 10
20.4
 20
-0.2
 30
0.0
 11
20.4
 21
-0.2
 31
8.0
  0
LINE
  5
B7
330
17
100
AcDbEntity
  8
3D_ESTRUCTURA_COLUMNAS
100
AcDbLine
 10
20.4
 20
0.2
 30
0.0
 11
20.4
 21
0.2
 31
8.0
  0
LINE
  5
B8
330
17
100
AcDbEntity
  8
3D_ESTRUCTURA_COLUMNAS
100
AcDbLine
 10
20.0
 20
0.2
 30
0.0
 11
20.0
 21
0.2
 31
8.0
  0
LINE
  5
B9
330
17
100
AcDbEntity
  8
3D_ESTRUCTURA_TIJERALES
100
AcDbLine
 10
0.0
 20
0.0
 30
8.0
 11
20.0
 21
0.0
 31
8.0
  0
LINE
  5
BA
330
17
100
AcDbEntity
  8
3D_ESTRUCTURA_TIJERALES
100
AcDbLine
 10
0.0
 20
0.0
 30
9.2
 11
10.0
 21
0.0
 31
10.0
  0
LINE
  5
BB
330
17
100
AcDbEntity
  8
3D_ESTRUCTURA_TIJERALES
100
AcDbLine
 10
10.0
 20
0.0
 30
10.0
 11
20.0
 21
0.0
 31
9.2
  0
LINE
  5
BC
330
17
100
AcDbEntity
  8
3D_ESTRUCTURA_TIJERALES
100
AcDbLine
 10
0.0
 20
0.0
 30
8.0
 11
2.0
 21
0.0
 31
9.2
  0
LINE
  5
BD
330
17
100
AcDbEntity
  8
3D_ESTRUCTURA_TIJERALES
100
AcDbLine
 10
2.0
 20
0.0
 30
9.2
 11
4.0
 21
0.0
 31
8.0
  0
LINE
  5
BE
330
17
100
AcDbEntity
  8
3D_ESTRUCTURA_TIJERALES
100
AcDbLine
 10
4.0
 20
0.0
 30
8.0
 11
6.0
 21
0.0
 31
9.2
  0
LINE
  5
BF
330
17
100
AcDbEntity
  8
3D_ESTRUCTURA_TIJERALES
100
AcDbLine
 10
6.0
 20
0.0
 30
9.2
 11
8.0
 21
0.0
 31
8.0
  0
LINE
  5
C0
330
17
100
AcDbEntity
  8
3D_ESTRUCTURA_TIJERALES
100
AcDbLine
 10
8.0
 20
0.0
 30
8.0
 11
10.0
 21
0.0
 31
9.2
  0
LINE
  5
C1
330
17
100
AcDbEntity
  8
3D_ESTRUCTURA_TIJERALES
100
AcDbLine
 10
10.0
 20
0.0
 30
9.2
 11
12.0
 21
0.0
 31
8.0
  0
LINE
  5
C2
330
17
100
AcDbEntity
  8
3D_ESTRUCTURA_TIJERALES
100
AcDbLine
 10
12.0
 20
0.0
 30
8.0
 11
14.0
 21
0.0
 31
9.2
  0
LINE
  5
C3
330
17
100
AcDbEntity
  8
3D_ESTRUCTURA_TIJERALES
100
AcDbLine
 10
14.0
 20
0.0
 30
9.2
 11
16.0
 21
0.0
 31
8.0
  0
LINE
  5
C4
330
17
100
AcDbEntity
  8
3D_ESTRUCTURA_TIJERALES
100
AcDbLine
 10
16.0
 20
0.0
 30
8.0
 11
18.0
 21
0.0
 31
9.2
  0
LINE
  5
C5
330
17
100
AcDbEntity
  8
3D_ESTRUCTURA_TIJERALES
100
AcDbLine
 10
18.0
 20
0.0
 30
9.2
 11
20.0
 21
0.0
 31
8.0
  0
POLYLINE
  5
C6
330
17
100
AcDbEntity
  8
3D_ESTRUCTURA_COLUMNAS
100
AcDb3dPolyline
 66
1
 10
0.0
 20
0.0
 30
0.0
 70
8
  0
VERTEX
  5
C8
330
17
100
AcDbEntity
  8
3D_ESTRUCTURA_COLUMNAS
100
AcDbVertex
100
AcDb3dPolylineVertex
 10
-0.4
 20
4.8
 30
0.0
 70
32
  0
VERTEX
  5
C9
330
17
100
AcDbEntity
  8
3D_ESTRUCTURA_COLUMNAS
100
AcDbVertex
100
AcDb3dPolylineVertex
 10
0.0
 20
4.8
 30
0.0
 70
32
  0
VERTEX
  5
CA
330
17
100
AcDbEntity
  8
3D_ESTRUCTURA_COLUMNAS
100
AcDbVertex
100
AcDb3dPolylineVertex
 10
0.0
 20
5.2
 30
0.0
 70
32
  0
VERTEX
  5
CB
330
17
100
AcDbEntity
  8
3D_ESTRUCTURA_COLUMNAS
100
AcDbVertex
100
AcDb3dPolylineVertex
 10
-0.4
 20
5.2
 30
0.0
 70
32
  0
VERTEX
  5
CC
330
17
100
AcDbEntity
  8
3D_ESTRUCTURA_COLUMNAS
100
AcDbVertex
100
AcDb3dPolylineVertex
 10
-0.4
 20
4.8
 30
0.0
 70
32
  0
SEQEND
  5
C7
330
C6
100
AcDbEntity
  8
3D_ESTRUCTURA_COLUMNAS
  0
POLYLINE
  5
CD
330
17
100
AcDbEntity
  8
3D_ESTRUCTURA_COLUMNAS
100
AcDb3dPolyline
 66
1
 10
0.0
 20
0.0
 30
0.0
 70
8
  0
VERTEX
  5
CF
330
17
100
AcDbEntity
  8
3D_ESTRUCTURA_COLUMNAS
100
AcDbVertex
100
AcDb3dPolylineVertex
 10
-0.4
 20
4.8
 30
8.0
 70
32
  0
VERTEX
  5
D0
330
17
100
AcDbEntity
  8
3D_ESTRUCTURA_COLUMNAS
100
AcDbVertex
100
AcDb3dPolylineVertex
 10
0.0
 20
4.8
 30
8.0
 70
32
  0
VERTEX
  5
D1
330
17
100
AcDbEntity
  8
3D_ESTRUCTURA_COLUMNAS
100
AcDbVertex
100
AcDb3dPolylineVertex
 10
0.0
 20
5.2
 30
8.0
 70
32
  0
VERTEX
  5
D2
330
17
100
AcDbEntity
  8
3D_ESTRUCTURA_COLUMNAS
100
AcDbVertex
100
AcDb3dPolylineVertex
 10
-0.4
 20
5.2
 30
8.0
 70
32
  0
VERTEX
  5
D3
330
17
100
AcDbEntity
  8
3D_ESTRUCTURA_COLUMNAS
100
AcDbVertex
100
AcDb3dPolylineVertex
 10
-0.4
 20
4.8
 30
8.0
 70
32
  0
SEQEND
  5
CE
330
CD
100
AcDbEntity
  8
3D_ESTRUCTURA_COLUMNAS
  0
LINE
  5
D4
330
17
100
AcDbEntity
  8
3D_ESTRUCTURA_COLUMNAS
100
AcDbLine
 10
-0.4
 20
4.8
 30
0.0
 11
-0.4
 21
4.8
 31
8.0
  0
LINE
  5
D5
330
17
100
AcDbEntity
  8
3D_ESTRUCTURA_COLUMNAS
100
AcDbLine
 10
0.0
 20
4.8
 30
0.0
 11
0.0
 21
4.8
 31
8.0
  0
LINE
  5
D6
330
17
100
AcDbEntity
  8
3D_ESTRUCTURA_COLUMNAS
100
AcDbLine
 10
0.0
 20
5.2
 30
0.0
 11
0.0
 21
5.2
 31
8.0
  0
LINE
  5
D7
330
17
100
AcDbEntity
  8
3D_ESTRUCTURA_COLUMNAS
100
AcDbLine
 10
-0.4
 20
5.2
 30
0.0
 11
-0.4
 21
5.2
 31
8.0
  0
POLYLINE
  5
D8
330
17
100
AcDbEntity
  8
3D_ESTRUCTURA_COLUMNAS
100
AcDb3dPolyline
 66
1
 10
0.0
 20
0.0
 30
0.0
 70
8
  0
VERTEX
  5
DA
330
17
100
AcDbEntity
  8
3D_ESTRUCTURA_COLUMNAS
100
AcDbVertex
100
AcDb3dPolylineVertex
 10
20.0
 20
4.8
 30
0.0
 70
32
  0
VERTEX
  5
DB
330
17
100
AcDbEntity
  8
3D_ESTRUCTURA_COLUMNAS
100
AcDbVertex
100
AcDb3dPolylineVertex
 10
20.4
 20
4.8
 30
0.0
 70
32
  0
VERTEX
  5
DC
330
17
100
AcDbEntity
  8
3D_ESTRUCTURA_COLUMNAS
100
AcDbVertex
100
AcDb3dPolylineVertex
 10
20.4
 20
5.2
 30
0.0
 70
32
  0
VERTEX
  5
DD
330
17
100
AcDbEntity
  8
3D_ESTRUCTURA_COLUMNAS
100
AcDbVertex
100
AcDb3dPolylineVertex
 10
20.0
 20
5.2
 30
0.0
 70
32
  0
VERTEX
  5
DE
330
17
100
AcDbEntity
  8
3D_ESTRUCTURA_COLUMNAS
100
AcDbVertex
100
AcDb3dPolylineVertex
 10
20.0
 20
4.8
 30
0.0
 70
32
  0
SEQEND
  5
D9
330
D8
100
AcDbEntity
  8
3D_ESTRUCTURA_COLUMNAS
  0
POLYLINE
  5
DF
330
17
100
AcDbEntity
  8
3D_ESTRUCTURA_COLUMNAS
100
AcDb3dPolyline
 66
1
 10
0.0
 20
0.0
 30
0.0
 70
8
  0
VERTEX
  5
E1
330
17
100
AcDbEntity
  8
3D_ESTRUCTURA_COLUMNAS
100
AcDbVertex
100
AcDb3dPolylineVertex
 10
20.0
 20
4.8
 30
8.0
 70
32
  0
VERTEX
  5
E2
330
17
100
AcDbEntity
  8
3D_ESTRUCTURA_COLUMNAS
100
AcDbVertex
100
AcDb3dPolylineVertex
 10
20.4
 20
4.8
 30
8.0
 70
32
  0
VERTEX
  5
E3
330
17
100
AcDbEntity
  8
3D_ESTRUCTURA_COLUMNAS
100
AcDbVertex
100
AcDb3dPolylineVertex
 10
20.4
 20
5.2
 30
8.0
 70
32
  0
VERTEX
  5
E4
330
17
100
AcDbEntity
  8
3D_ESTRUCTURA_COLUMNAS
100
AcDbVertex
100
AcDb3dPolylineVertex
 10
20.0
 20
5.2
 30
8.0
 70
32
  0
VERTEX
  5
E5
330
17
100
AcDbEntity
  8
3D_ESTRUCTURA_COLUMNAS
100
AcDbVertex
100
AcDb3dPolylineVertex
 10
20.0
 20
4.8
 30
8.0
 70
32
  0
SEQEND
  5
E0
330
DF
100
AcDbEntity
  8
3D_ESTRUCTURA_COLUMNAS
  0
LINE
  5
E6
330
17
100
AcDbEntity
  8
3D_ESTRUCTURA_COLUMNAS
100
AcDbLine
 10
20.0
 20
4.8
 30
0.0
 11
20.0
 21
4.8
 31
8.0
  0
LINE
  5
E7
330
17
100
AcDbEntity
  8
3D_ESTRUCTURA_COLUMNAS
100
AcDbLine
 10
20.4
 20
4.8
 30
0.0
 11
20.4
 21
4.8
 31
8.0
  0
LINE
  5
E8
330
17
100
AcDbEntity
  8
3D_ESTRUCTURA_COLUMNAS
100
AcDbLine
 10
20.4
 20
5.2
 30
0.0
 11
20.4
 21
5.2
 31
8.0
  0
LINE
  5
E9
330
17
100
AcDbEntity
  8
3D_ESTRUCTURA_COLUMNAS
100
AcDbLine
 10
20.0
 20
5.2
 30
0.0
 11
20.0
 21
5.2
 31
8.0
  0
LINE
  5
EA
330
17
100
AcDbEntity
  8
3D_ESTRUCTURA_TIJERALES
100
AcDbLine
 10
0.0
 20
5.0
 30
8.0
 11
20.0
 21
5.0
 31
8.0
  0
LINE
  5
EB
330
17
100
AcDbEntity
  8
3D_ESTRUCTURA_TIJERALES
100
AcDbLine
 10
0.0
 20
5.0
 30
9.2
 11
10.0
 21
5.0
 31
10.0
  0
LINE
  5
EC
330
17
100
AcDbEntity
  8
3D_ESTRUCTURA_TIJERALES
100
AcDbLine
 10
10.0
 20
5.0
 30
10.0
 11
20.0
 21
5.0
 31
9.2
  0
LINE
  5
ED
330
17
100
AcDbEntity
  8
3D_ESTRUCTURA_TIJERALES
100
AcDbLine
 10
0.0
 20
5.0
 30
8.0
 11
2.0
 21
5.0
 31
9.2
  0
LINE
  5
EE
330
17
100
AcDbEntity
  8
3D_ESTRUCTURA_TIJERALES
100
AcDbLine
 10
2.0
 20
5.0
 30
9.2
 11
4.0
 21
5.0
 31
8.0
  0
LINE
  5
EF
330
17
100
AcDbEntity
  8
3D_ESTRUCTURA_TIJERALES
100
AcDbLine
 10
4.0
 20
5.0
 30
8.0
 11
6.0
 21
5.0
 31
9.2
  0
LINE
  5
F0
330
17
100
AcDbEntity
  8
3D_ESTRUCTURA_TIJERALES
100
AcDbLine
 10
6.0
 20
5.0
 30
9.2
 11
8.0
 21
5.0
 31
8.0
  0
LINE
  5
F1
330
17
100
AcDbEntity
  8
3D_ESTRUCTURA_TIJERALES
100
AcDbLine
 10
8.0
 20
5.0
 30
8.0
 11
10.0
 21
5.0
 31
9.2
  0
LINE
  5
F2
330
17
100
AcDbEntity
  8
3D_ESTRUCTURA_TIJERALES
100
AcDbLine
 10
10.0
 20
5.0
 30
9.2
 11
12.0
 21
5.0
 31
8.0
  0
LINE
  5
F3
330
17
100
AcDbEntity
  8
3D_ESTRUCTURA_TIJERALES
100
AcDbLine
 10
12.0
 20
5.0
 30
8.0
 11
14.0
 21
5.0
 31
9.2
  0
LINE
  5
F4
330
17
100
AcDbEntity
  8
3D_ESTRUCTURA_TIJERALES
100
AcDbLine
 10
14.0
 20
5.0
 30
9.2
 11
16.0
 21
5.0
 31
8.0
  0
LINE
  5
F5
330
17
100
AcDbEntity
  8
3D_ESTRUCTURA_TIJERALES
100
AcDbLine
 10
16.0
 20
5.0
 30
8.0
 11
18.0
 21
5.0
 31
9.2
  0
LINE
  5
F6
330
17
100
AcDbEntity
  8
3D_ESTRUCTURA_TIJERALES
100
AcDbLine
 10
18.0
 20
5.0
 30
9.2
 11
20.0
 21
5.0
 31
8.0
  0
POLYLINE
  5
F7
330
17
100
AcDbEntity
  8
3D_ESTRUCTURA_COLUMNAS
100
AcDb3dPolyline
 66
1
 10
0.0
 20
0.0
 30
0.0
 70
8
  0
VERTEX
  5
F9
330
17
100
AcDbEntity
  8
3D_ESTRUCTURA_COLUMNAS
100
AcDbVertex
100
AcDb3dPolylineVertex
 10
-0.4
 20
9.8
 30
0.0
 70
32
  0
VERTEX
  5
FA
330
17
100
AcDbEntity
  8
3D_ESTRUCTURA_COLUMNAS
100
AcDbVertex
100
AcDb3dPolylineVertex
 10
0.0
 20
9.8
 30
0.0
 70
32
  0
VERTEX
  5
FB
330
17
100
AcDbEntity
  8
3D_ESTRUCTURA_COLUMNAS
100
AcDbVertex
100
AcDb3dPolylineVertex
 10
0.0
 20
10.200000000000001
 30
0.0
 70
32
  0
VERTEX
  5
FC
330
17
100
AcDbEntity
  8
3D_ESTRUCTURA_COLUMNAS
100
AcDbVertex
100
AcDb3dPolylineVertex
 10
-0.4
 20
10.200000000000001
 30
0.0
 70
32
  0
VERTEX
  5
FD
330
17
100
AcDbEntity
  8
3D_ESTRUCTURA_COLUMNAS
100
AcDbVertex
100
AcDb3dPolylineVertex
 10
-0.4
 20
9.8
 30
0.0
 70
32
  0
SEQEND
  5
F8
330
F7
100
AcDbEntity
  8
3D_ESTRUCTURA_COLUMNAS
  0
POLYLINE
  5
FE
330
17
100
AcDbEntity
  8
3D_ESTRUCTURA_COLUMNAS
100
AcDb3dPolyline
 66
1
 10
0.0
 20
0.0
 30
0.0
 70
8
  0
VERTEX
  5
100
330
17
100
AcDbEntity
  8
3D_ESTRUCTURA_COLUMNAS
100
AcDbVertex
100
AcDb3dPolylineVertex
 10
-0.4
 20
9.8
 30
8.0
 70
32
  0
VERTEX
  5
101
330
17
100
AcDbEntity
  8
3D_ESTRUCTURA_COLUMNAS
100
AcDbVertex
100
AcDb3dPolylineVertex
 10
0.0
 20
9.8
 30
8.0
 70
32
  0
VERTEX
  5
102
330
17
100
AcDbEntity
  8
3D_ESTRUCTURA_COLUMNAS
100
AcDbVertex
100
AcDb3dPolylineVertex
 10
0.0
 20
10.200000000000001
 30
8.0
 70
32
  0
VERTEX
  5
103
330
17
100
AcDbEntity
  8
3D_ESTRUCTURA_COLUMNAS
100
AcDbVertex
100
AcDb3dPolylineVertex
 10
-0.4
 20
10.200000000000001
 30
8.0
 70
32
  0
VERTEX
  5
104
330
17
100
AcDbEntity
  8
3D_ESTRUCTURA_COLUMNAS
100
AcDbVertex
100
AcDb3dPolylineVertex
 10
-0.4
 20
9.8
 30
8.0
 70
32
  0
SEQEND
  5
FF
330
FE
100
AcDbEntity
  8
3D_ESTRUCTURA_COLUMNAS
  0
LINE
  5
105
330
17
100
AcDbEntity
  8
3D_ESTRUCTURA_COLUMNAS
100
AcDbLine
 10
-0.4
 20
9.8
 30
0.0
 11
-0.4
 21
9.8
 31
8.0
  0
LINE
  5
106
330
17
100
AcDbEntity
  8
3D_ESTRUCTURA_COLUMNAS
100
AcDbLine
 10
0.0
 20
9.8
 30
0.0
 11
0.0
 21
9.8
 31
8.0
  0
LINE
  5
107
330
17
100
AcDbEntity
  8
3D_ESTRUCTURA_COLUMNAS
100
AcDbLine
 10
0.0
 20
10.200000000000001
 30
0.0
 11
0.0
 21
10.200000000000001
 31
8.0
  0
LINE
  5
108
330
17
100
AcDbEntity
  8
3D_ESTRUCTURA_COLUMNAS
100
AcDbLine
 10
-0.4
 20
10.200000000000001
 30
0.0
 11
-0.4
 21
10.200000000000001
 31
8.0
  0
POLYLINE
  5
109
330
17
100
AcDbEntity
  8
3D_ESTRUCTURA_COLUMNAS
100
AcDb3dPolyline
 66
1
 10
0.0
 20
0.0
 30
0.0
 70
8
  0
VERTEX
  5
10B
330
17
100
AcDbEntity
  8
3D_ESTRUCTURA_COLUMNAS
100
AcDbVertex
100
AcDb3dPolylineVertex
 10
20.0
 20
9.8
 30
0.0
 70
32
  0
VERTEX
  5
10C
330
17
100
AcDbEntity
  8
3D_ESTRUCTURA_COLUMNAS
100
AcDbVertex
100
AcDb3dPolylineVertex
 10
20.4
 20
9.8
 30
0.0
 70
32
  0
VERTEX
  5
10D
330
17
100
AcDbEntity
  8
3D_ESTRUCTURA_COLUMNAS
100
AcDbVertex
100
AcDb3dPolylineVertex
 10
20.4
 20
10.200000000000001
 30
0.0
 70
32
  0
VERTEX
  5
10E
330
17
100
AcDbEntity
  8
3D_ESTRUCTURA_COLUMNAS
100
AcDbVertex
100
AcDb3dPolylineVertex
 10
20.0
 20
10.200000000000001
 30
0.0
 70
32
  0
VERTEX
  5
10F
330
17
100
AcDbEntity
  8
3D_ESTRUCTURA_COLUMNAS
100
AcDbVertex
100
AcDb3dPolylineVertex
 10
20.0
 20
9.8
 30
0.0
 70
32
  0
SEQEND
  5
10A
330
109
100
AcDbEntity
  8
3D_ESTRUCTURA_COLUMNAS
  0
POLYLINE
  5
110
330
17
100
AcDbEntity
  8
3D_ESTRUCTURA_COLUMNAS
100
AcDb3dPolyline
 66
1
 10
0.0
 20
0.0
 30
0.0
 70
8
  0
VERTEX
  5
112
330
17
100
AcDbEntity
  8
3D_ESTRUCTURA_COLUMNAS
100
AcDbVertex
100
AcDb3dPolylineVertex
 10
20.0
 20
9.8
 30
8.0
 70
32
  0
VERTEX
  5
113
330
17
100
AcDbEntity
  8
3D_ESTRUCTURA_COLUMNAS
100
AcDbVertex
100
AcDb3dPolylineVertex
 10
20.4
 20
9.8
 30
8.0
 70
32
  0
VERTEX
  5
114
330
17
100
AcDbEntity
  8
3D_ESTRUCTURA_COLUMNAS
100
AcDbVertex
100
AcDb3dPolylineVertex
 10
20.4
 20
10.200000000000001
 30
8.0
 70
32
  0
VERTEX
  5
115
330
17
100
AcDbEntity
  8
3D_ESTRUCTURA_COLUMNAS
100
AcDbVertex
100
AcDb3dPolylineVertex
 10
20.0
 20
10.200000000000001
 30
8.0
 70
32
  0
VERTEX
  5
116
330
17
100
AcDbEntity
  8
3D_ESTRUCTURA_COLUMNAS
100
AcDbVertex
100
AcDb3dPolylineVertex
 10
20.0
 20
9.8
 30
8.0
 70
32
  0
SEQEND
  5
111
330
110
100
AcDbEntity
  8
3D_ESTRUCTURA_COLUMNAS
  0
LINE
  5
117
330
17
100
AcDbEntity
  8
3D_ESTRUCTURA_COLUMNAS
100
AcDbLine
 10
20.0
 20
9.8
 30
0.0
 11
20.0
 21
9.8
 31
8.0
  0
LINE
  5
118
330
17
100
AcDbEntity
  8
3D_ESTRUCTURA_COLUMNAS
100
AcDbLine
 10
20.4
 20
9.8
 30
0.0
 11
20.4
 21
9.8
 31
8.0
  0
LINE
  5
119
330
17
100
AcDbEntity
  8
3D_ESTRUCTURA_COLUMNAS
100
AcDbLine
 10
20.4
 20
10.200000000000001
 30
0.0
 11
20.4
 21
10.200000000000001
 31
8.0
  0
LINE
  5
11A
330
17
100
AcDbEntity
  8
3D_ESTRUCTURA_COLUMNAS
100
AcDbLine
 10
20.0
 20
10.200000000000001
 30
0.0
 11
20.0
 21
10.200000000000001
 31
8.0
  0
LINE
  5
11B
330
17
100
AcDbEntity
  8
3D_ESTRUCTURA_TIJERALES
100
AcDbLine
 10
0.0
 20
10.0
 30
8.0
 11
20.0
 21
10.0
 31
8.0
  0
LINE
  5
11C
330
17
100
AcDbEntity
  8
3D_ESTRUCTURA_TIJERALES
100
AcDbLine
 10
0.0
 20
10.0
 30
9.2
 11
10.0
 21
10.0
 31
10.0
  0
LINE
  5
11D
330
17
100
AcDbEntity
  8
3D_ESTRUCTURA_TIJERALES
100
AcDbLine
 10
10.0
 20
10.0
 30
10.0
 11
20.0
 21
10.0
 31
9.2
  0
LINE
  5
11E
330
17
100
AcDbEntity
  8
3D_ESTRUCTURA_TIJERALES
100
AcDbLine
 10
0.0
 20
10.0
 30
8.0
 11
2.0
 21
10.0
 31
9.2
  0
LINE
  5
11F
330
17
100
AcDbEntity
  8
3D_ESTRUCTURA_TIJERALES
100
AcDbLine
 10
2.0
 20
10.0
 30
9.2
 11
4.0
 21
10.0
 31
8.0
  0
LINE
  5
120
330
17
100
AcDbEntity
  8
3D_ESTRUCTURA_TIJERALES
100
AcDbLine
 10
4.0
 20
10.0
 30
8.0
 11
6.0
 21
10.0
 31
9.2
  0
LINE
  5
121
330
17
100
AcDbEntity
  8
3D_ESTRUCTURA_TIJERALES
100
AcDbLine
 10
6.0
 20
10.0
 30
9.2
 11
8.0
 21
10.0
 31
8.0
  0
LINE
  5
122
330
17
100
AcDbEntity
  8
3D_ESTRUCTURA_TIJERALES
100
AcDbLine
 10
8.0
 20
10.0
 30
8.0
 11
10.0
 21
10.0
 31
9.2
  0
LINE
  5
123
330
17
100
AcDbEntity
  8
3D_ESTRUCTURA_TIJERALES
100
AcDbLine
 10
10.0
 20
10.0
 30
9.2
 11
12.0
 21
10.0
 31
8.0
  0
LINE
  5
124
330
17
100
AcDbEntity
  8
3D_ESTRUCTURA_TIJERALES
100
AcDbLine
 10
12.0
 20
10.0
 30
8.0
 11
14.0
 21
10.0
 31
9.2
  0
LINE
  5
125
330
17
100
AcDbEntity
  8
3D_ESTRUCTURA_TIJERALES
100
AcDbLine
 10
14.0
 20
10.0
 30
9.2
 11
16.0
 21
10.0
 31
8.0
  0
LINE
  5
126
330
17
100
AcDbEntity
  8
3D_ESTRUCTURA_TIJERALES
100
AcDbLine
 10
16.0
 20
10.0
 30
8.0
 11
18.0
 21
10.0
 31
9.2
  0
LINE
  5
127
330
17
100
AcDbEntity
  8
3D_ESTRUCTURA_TIJERALES
100
AcDbLine
 10
18.0
 20
10.0
 30
9.2
 11
20.0
 21
10.0
 31
8.0
  0
POLYLINE
  5
128
330
17
100
AcDbEntity
  8
3D_ESTRUCTURA_COLUMNAS
100
AcDb3dPolyline
 66
1
 10
0.0
 20
0.0
 30
0.0
 70
8
  0
VERTEX
  5
12A
330
17
100
AcDbEntity
  8
3D_ESTRUCTURA_COLUMNAS
100
AcDbVertex
100
AcDb3dPolylineVertex
 10
-0.4
 20
14.8
 30
0.0
 70
32
  0
VERTEX
  5
12B
330
17
100
AcDbEntity
  8
3D_ESTRUCTURA_COLUMNAS
100
AcDbVertex
100
AcDb3dPolylineVertex
 10
0.0
 20
14.8
 30
0.0
 70
32
  0
VERTEX
  5
12C
330
17
100
AcDbEntity
  8
3D_ESTRUCTURA_COLUMNAS
100
AcDbVertex
100
AcDb3dPolylineVertex
 10
0.0
 20
15.200000000000001
 30
0.0
 70
32
  0
VERTEX
  5
12D
330
17
100
AcDbEntity
  8
3D_ESTRUCTURA_COLUMNAS
100
AcDbVertex
100
AcDb3dPolylineVertex
 10
-0.4
 20
15.200000000000001
 30
0.0
 70
32
  0
VERTEX
  5
12E
330
17
100
AcDbEntity
  8
3D_ESTRUCTURA_COLUMNAS
100
AcDbVertex
100
AcDb3dPolylineVertex
 10
-0.4
 20
14.8
 30
0.0
 70
32
  0
SEQEND
  5
129
330
128
100
AcDbEntity
  8
3D_ESTRUCTURA_COLUMNAS
  0
POLYLINE
  5
12F
330
17
100
AcDbEntity
  8
3D_ESTRUCTURA_COLUMNAS
100
AcDb3dPolyline
 66
1
 10
0.0
 20
0.0
 30
0.0
 70
8
  0
VERTEX
  5
131
330
17
100
AcDbEntity
  8
3D_ESTRUCTURA_COLUMNAS
100
AcDbVertex
100
AcDb3dPolylineVertex
 10
-0.4
 20
14.8
 30
8.0
 70
32
  0
VERTEX
  5
132
330
17
100
AcDbEntity
  8
3D_ESTRUCTURA_COLUMNAS
100
AcDbVertex
100
AcDb3dPolylineVertex
 10
0.0
 20
14.8
 30
8.0
 70
32
  0
VERTEX
  5
133
330
17
100
AcDbEntity
  8
3D_ESTRUCTURA_COLUMNAS
100
AcDbVertex
100
AcDb3dPolylineVertex
 10
0.0
 20
15.200000000000001
 30
8.0
 70
32
  0
VERTEX
  5
134
330
17
100
AcDbEntity
  8
3D_ESTRUCTURA_COLUMNAS
100
AcDbVertex
100
AcDb3dPolylineVertex
 10
-0.4
 20
15.200000000000001
 30
8.0
 70
32
  0
VERTEX
  5
135
330
17
100
AcDbEntity
  8
3D_ESTRUCTURA_COLUMNAS
100
AcDbVertex
100
AcDb3dPolylineVertex
 10
-0.4
 20
14.8
 30
8.0
 70
32
  0
SEQEND
  5
130
330
12F
100
AcDbEntity
  8
3D_ESTRUCTURA_COLUMNAS
  0
LINE
  5
136
330
17
100
AcDbEntity
  8
3D_ESTRUCTURA_COLUMNAS
100
AcDbLine
 10
-0.4
 20
14.8
 30
0.0
 11
-0.4
 21
14.8
 31
8.0
  0
LINE
  5
137
330
17
100
AcDbEntity
  8
3D_ESTRUCTURA_COLUMNAS
100
AcDbLine
 10
0.0
 20
14.8
 30
0.0
 11
0.0
 21
14.8
 31
8.0
  0
LINE
  5
138
330
17
100
AcDbEntity
  8
3D_ESTRUCTURA_COLUMNAS
100
AcDbLine
 10
0.0
 20
15.200000000000001
 30
0.0
 11
0.0
 21
15.200000000000001
 31
8.0
  0
LINE
  5
139
330
17
100
AcDbEntity
  8
3D_ESTRUCTURA_COLUMNAS
100
AcDbLine
 10
-0.4
 20
15.200000000000001
 30
0.0
 11
-0.4
 21
15.200000000000001
 31
8.0
  0
POLYLINE
  5
13A
330
17
100
AcDbEntity
  8
3D_ESTRUCTURA_COLUMNAS
100
AcDb3dPolyline
 66
1
 10
0.0
 20
0.0
 30
0.0
 70
8
  0
VERTEX
  5
13C
330
17
100
AcDbEntity
  8
3D_ESTRUCTURA_COLUMNAS
100
AcDbVertex
100
AcDb3dPolylineVertex
 10
20.0
 20
14.8
 30
0.0
 70
32
  0
VERTEX
  5
13D
330
17
100
AcDbEntity
  8
3D_ESTRUCTURA_COLUMNAS
100
AcDbVertex
100
AcDb3dPolylineVertex
 10
20.4
 20
14.8
 30
0.0
 70
32
  0
VERTEX
  5
13E
330
17
100
AcDbEntity
  8
3D_ESTRUCTURA_COLUMNAS
100
AcDbVertex
100
AcDb3dPolylineVertex
 10
20.4
 20
15.200000000000001
 30
0.0
 70
32
  0
VERTEX
  5
13F
330
17
100
AcDbEntity
  8
3D_ESTRUCTURA_COLUMNAS
100
AcDbVertex
100
AcDb3dPolylineVertex
 10
20.0
 20
15.200000000000001
 30
0.0
 70
32
  0
VERTEX
  5
140
330
17
100
AcDbEntity
  8
3D_ESTRUCTURA_COLUMNAS
100
AcDbVertex
100
AcDb3dPolylineVertex
 10
20.0
 20
14.8
 30
0.0
 70
32
  0
SEQEND
  5
13B
330
13A
100
AcDbEntity
  8
3D_ESTRUCTURA_COLUMNAS
  0
POLYLINE
  5
141
330
17
100
AcDbEntity
  8
3D_ESTRUCTURA_COLUMNAS
100
AcDb3dPolyline
 66
1
 10
0.0
 20
0.0
 30
0.0
 70
8
  0
VERTEX
  5
143
330
17
100
AcDbEntity
  8
3D_ESTRUCTURA_COLUMNAS
100
AcDbVertex
100
AcDb3dPolylineVertex
 10
20.0
 20
14.8
 30
8.0
 70
32
  0
VERTEX
  5
144
330
17
100
AcDbEntity
  8
3D_ESTRUCTURA_COLUMNAS
100
AcDbVertex
100
AcDb3dPolylineVertex
 10
20.4
 20
14.8
 30
8.0
 70
32
  0
VERTEX
  5
145
330
17
100
AcDbEntity
  8
3D_ESTRUCTURA_COLUMNAS
100
AcDbVertex
100
AcDb3dPolylineVertex
 10
20.4
 20
15.200000000000001
 30
8.0
 70
32
  0
VERTEX
  5
146
330
17
100
AcDbEntity
  8
3D_ESTRUCTURA_COLUMNAS
100
AcDbVertex
100
AcDb3dPolylineVertex
 10
20.0
 20
15.200000000000001
 30
8.0
 70
32
  0
VERTEX
  5
147
330
17
100
AcDbEntity
  8
3D_ESTRUCTURA_COLUMNAS
100
AcDbVertex
100
AcDb3dPolylineVertex
 10
20.0
 20
14.8
 30
8.0
 70
32
  0
SEQEND
  5
142
330
141
100
AcDbEntity
  8
3D_ESTRUCTURA_COLUMNAS
  0
LINE
  5
148
330
17
100
AcDbEntity
  8
3D_ESTRUCTURA_COLUMNAS
100
AcDbLine
 10
20.0
 20
14.8
 30
0.0
 11
20.0
 21
14.8
 31
8.0
  0
LINE
  5
149
330
17
100
AcDbEntity
  8
3D_ESTRUCTURA_COLUMNAS
100
AcDbLine
 10
20.4
 20
14.8
 30
0.0
 11
20.4
 21
14.8
 31
8.0
  0
LINE
  5
14A
330
17
100
AcDbEntity
  8
3D_ESTRUCTURA_COLUMNAS
100
AcDbLine
 10
20.4
 20
15.200000000000001
 30
0.0
 11
20.4
 21
15.200000000000001
 31
8.0
  0
LINE
  5
14B
330
17
100
AcDbEntity
  8
3D_ESTRUCTURA_COLUMNAS
100
AcDbLine
 10
20.0
 20
15.200000000000001
 30
0.0
 11
20.0
 21
15.200000000000001
 31
8.0
  0
LINE
  5
14C
330
17
100
AcDbEntity
  8
3D_ESTRUCTURA_TIJERALES
100
AcDbLine
 10
0.0
 20
15.0
 30
8.0
 11
20.0
 21
15.0
 31
8.0
  0
LINE
  5
14D
330
17
100
AcDbEntity
  8
3D_ESTRUCTURA_TIJERALES
100
AcDbLine
 10
0.0
 20
15.0
 30
9.2
 11
10.0
 21
15.0
 31
10.0
  0
LINE
  5
14E
330
17
100
AcDbEntity
  8
3D_ESTRUCTURA_TIJERALES
100
AcDbLine
 10
10.0
 20
15.0
 30
10.0
 11
20.0
 21
15.0
 31
9.2
  0
LINE
  5
14F
330
17
100
AcDbEntity
  8
3D_ESTRUCTURA_TIJERALES
100
AcDbLine
 10
0.0
 20
15.0
 30
8.0
 11
2.0
 21
15.0
 31
9.2
  0
LINE
  5
150
330
17
100
AcDbEntity
  8
3D_ESTRUCTURA_TIJERALES
100
AcDbLine
 10
2.0
 20
15.0
 30
9.2
 11
4.0
 21
15.0
 31
8.0
  0
LINE
  5
151
330
17
100
AcDbEntity
  8
3D_ESTRUCTURA_TIJERALES
100
AcDbLine
 10
4.0
 20
15.0
 30
8.0
 11
6.0
 21
15.0
 31
9.2
  0
LINE
  5
152
330
17
100
AcDbEntity
  8
3D_ESTRUCTURA_TIJERALES
100
AcDbLine
 10
6.0
 20
15.0
 30
9.2
 11
8.0
 21
15.0
 31
8.0
  0
LINE
  5
153
330
17
100
AcDbEntity
  8
3D_ESTRUCTURA_TIJERALES
100
AcDbLine
 10
8.0
 20
15.0
 30
8.0
 11
10.0
 21
15.0
 31
9.2
  0
LINE
  5
154
330
17
100
AcDbEntity
  8
3D_ESTRUCTURA_TIJERALES
100
AcDbLine
 10
10.0
 20
15.0
 30
9.2
 11
12.0
 21
15.0
 31
8.0
  0
LINE
  5
155
330
17
100
AcDbEntity
  8
3D_ESTRUCTURA_TIJERALES
100
AcDbLine
 10
12.0
 20
15.0
 30
8.0
 11
14.0
 21
15.0
 31
9.2
  0
LINE
  5
156
330
17
100
AcDbEntity
  8
3D_ESTRUCTURA_TIJERALES
100
AcDbLine
 10
14.0
 20
15.0
 30
9.2
 11
16.0
 21
15.0
 31
8.0
  0
LINE
  5
157
330
17
100
AcDbEntity
  8
3D_ESTRUCTURA_TIJERALES
100
AcDbLine
 10
16.0
 20
15.0
 30
8.0
 11
18.0
 21
15.0
 31
9.2
  0
LINE
  5
158
330
17
100
AcDbEntity
  8
3D_ESTRUCTURA_TIJERALES
100
AcDbLine
 10
18.0
 20
15.0
 30
9.2
 11
20.0
 21
15.0
 31
8.0
  0
POLYLINE
  5
159
330
17
100
AcDbEntity
  8
3D_ESTRUCTURA_COLUMNAS
100
AcDb3dPolyline
 66
1
 10
0.0
 20
0.0
 30
0.0
 70
8
  0
VERTEX
  5
15B
330
17
100
AcDbEntity
  8
3D_ESTRUCTURA_COLUMNAS
100
AcDbVertex
100
AcDb3dPolylineVertex
 10
-0.4
 20
19.8
 30
0.0
 70
32
  0
VERTEX
  5
15C
330
17
100
AcDbEntity
  8
3D_ESTRUCTURA_COLUMNAS
100
AcDbVertex
100
AcDb3dPolylineVertex
 10
0.0
 20
19.8
 30
0.0
 70
32
  0
VERTEX
  5
15D
330
17
100
AcDbEntity
  8
3D_ESTRUCTURA_COLUMNAS
100
AcDbVertex
100
AcDb3dPolylineVertex
 10
0.0
 20
20.2
 30
0.0
 70
32
  0
VERTEX
  5
15E
330
17
100
AcDbEntity
  8
3D_ESTRUCTURA_COLUMNAS
100
AcDbVertex
100
AcDb3dPolylineVertex
 10
-0.4
 20
20.2
 30
0.0
 70
32
  0
VERTEX
  5
15F
330
17
100
AcDbEntity
  8
3D_ESTRUCTURA_COLUMNAS
100
AcDbVertex
100
AcDb3dPolylineVertex
 10
-0.4
 20
19.8
 30
0.0
 70
32
  0
SEQEND
  5
15A
330
159
100
AcDbEntity
  8
3D_ESTRUCTURA_COLUMNAS
  0
POLYLINE
  5
160
330
17
100
AcDbEntity
  8
3D_ESTRUCTURA_COLUMNAS
100
AcDb3dPolyline
 66
1
 10
0.0
 20
0.0
 30
0.0
 70
8
  0
VERTEX
  5
162
330
17
100
AcDbEntity
  8
3D_ESTRUCTURA_COLUMNAS
100
AcDbVertex
100
AcDb3dPolylineVertex
 10
-0.4
 20
19.8
 30
8.0
 70
32
  0
VERTEX
  5
163
330
17
100
AcDbEntity
  8
3D_ESTRUCTURA_COLUMNAS
100
AcDbVertex
100
AcDb3dPolylineVertex
 10
0.0
 20
19.8
 30
8.0
 70
32
  0
VERTEX
  5
164
330
17
100
AcDbEntity
  8
3D_ESTRUCTURA_COLUMNAS
100
AcDbVertex
100
AcDb3dPolylineVertex
 10
0.0
 20
20.2
 30
8.0
 70
32
  0
VERTEX
  5
165
330
17
100
AcDbEntity
  8
3D_ESTRUCTURA_COLUMNAS
100
AcDbVertex
100
AcDb3dPolylineVertex
 10
-0.4
 20
20.2
 30
8.0
 70
32
  0
VERTEX
  5
166
330
17
100
AcDbEntity
  8
3D_ESTRUCTURA_COLUMNAS
100
AcDbVertex
100
AcDb3dPolylineVertex
 10
-0.4
 20
19.8
 30
8.0
 70
32
  0
SEQEND
  5
161
330
160
100
AcDbEntity
  8
3D_ESTRUCTURA_COLUMNAS
  0
LINE
  5
167
330
17
100
AcDbEntity
  8
3D_ESTRUCTURA_COLUMNAS
100
AcDbLine
 10
-0.4
 20
19.8
 30
0.0
 11
-0.4
 21
19.8
 31
8.0
  0
LINE
  5
168
330
17
100
AcDbEntity
  8
3D_ESTRUCTURA_COLUMNAS
100
AcDbLine
 10
0.0
 20
19.8
 30
0.0
 11
0.0
 21
19.8
 31
8.0
  0
LINE
  5
169
330
17
100
AcDbEntity
  8
3D_ESTRUCTURA_COLUMNAS
100
AcDbLine
 10
0.0
 20
20.2
 30
0.0
 11
0.0
 21
20.2
 31
8.0
  0
LINE
  5
16A
330
17
100
AcDbEntity
  8
3D_ESTRUCTURA_COLUMNAS
100
AcDbLine
 10
-0.4
 20
20.2
 30
0.0
 11
-0.4
 21
20.2
 31
8.0
  0
POLYLINE
  5
16B
330
17
100
AcDbEntity
  8
3D_ESTRUCTURA_COLUMNAS
100
AcDb3dPolyline
 66
1
 10
0.0
 20
0.0
 30
0.0
 70
8
  0
VERTEX
  5
16D
330
17
100
AcDbEntity
  8
3D_ESTRUCTURA_COLUMNAS
100
AcDbVertex
100
AcDb3dPolylineVertex
 10
20.0
 20
19.8
 30
0.0
 70
32
  0
VERTEX
  5
16E
330
17
100
AcDbEntity
  8
3D_ESTRUCTURA_COLUMNAS
100
AcDbVertex
100
AcDb3dPolylineVertex
 10
20.4
 20
19.8
 30
0.0
 70
32
  0
VERTEX
  5
16F
330
17
100
AcDbEntity
  8
3D_ESTRUCTURA_COLUMNAS
100
AcDbVertex
100
AcDb3dPolylineVertex
 10
20.4
 20
20.2
 30
0.0
 70
32
  0
VERTEX
  5
170
330
17
100
AcDbEntity
  8
3D_ESTRUCTURA_COLUMNAS
100
AcDbVertex
100
AcDb3dPolylineVertex
 10
20.0
 20
20.2
 30
0.0
 70
32
  0
VERTEX
  5
171
330
17
100
AcDbEntity
  8
3D_ESTRUCTURA_COLUMNAS
100
AcDbVertex
100
AcDb3dPolylineVertex
 10
20.0
 20
19.8
 30
0.0
 70
32
  0
SEQEND
  5
16C
330
16B
100
AcDbEntity
  8
3D_ESTRUCTURA_COLUMNAS
  0
POLYLINE
  5
172
330
17
100
AcDbEntity
  8
3D_ESTRUCTURA_COLUMNAS
100
AcDb3dPolyline
 66
1
 10
0.0
 20
0.0
 30
0.0
 70
8
  0
VERTEX
  5
174
330
17
100
AcDbEntity
  8
3D_ESTRUCTURA_COLUMNAS
100
AcDbVertex
100
AcDb3dPolylineVertex
 10
20.0
 20
19.8
 30
8.0
 70
32
  0
VERTEX
  5
175
330
17
100
AcDbEntity
  8
3D_ESTRUCTURA_COLUMNAS
100
AcDbVertex
100
AcDb3dPolylineVertex
 10
20.4
 20
19.8
 30
8.0
 70
32
  0
VERTEX
  5
176
330
17
100
AcDbEntity
  8
3D_ESTRUCTURA_COLUMNAS
100
AcDbVertex
100
AcDb3dPolylineVertex
 10
20.4
 20
20.2
 30
8.0
 70
32
  0
VERTEX
  5
177
330
17
100
AcDbEntity
  8
3D_ESTRUCTURA_COLUMNAS
100
AcDbVertex
100
AcDb3dPolylineVertex
 10
20.0
 20
20.2
 30
8.0
 70
32
  0
VERTEX
  5
178
330
17
100
AcDbEntity
  8
3D_ESTRUCTURA_COLUMNAS
100
AcDbVertex
100
AcDb3dPolylineVertex
 10
20.0
 20
19.8
 30
8.0
 70
32
  0
SEQEND
  5
173
330
172
100
AcDbEntity
  8
3D_ESTRUCTURA_COLUMNAS
  0
LINE
  5
179
330
17
100
AcDbEntity
  8
3D_ESTRUCTURA_COLUMNAS
100
AcDbLine
 10
20.0
 20
19.8
 30
0.0
 11
20.0
 21
19.8
 31
8.0
  0
LINE
  5
17A
330
17
100
AcDbEntity
  8
3D_ESTRUCTURA_COLUMNAS
100
AcDbLine
 10
20.4
 20
19.8
 30
0.0
 11
20.4
 21
19.8
 31
8.0
  0
LINE
  5
17B
330
17
100
AcDbEntity
  8
3D_ESTRUCTURA_COLUMNAS
100
AcDbLine
 10
20.4
 20
20.2
 30
0.0
 11
20.4
 21
20.2
 31
8.0
  0
LINE
  5
17C
330
17
100
AcDbEntity
  8
3D_ESTRUCTURA_COLUMNAS
100
AcDbLine
 10
20.0
 20
20.2
 30
0.0
 11
20.0
 21
20.2
 31
8.0
  0
LINE
  5
17D
330
17
100
AcDbEntity
  8
3D_ESTRUCTURA_TIJERALES
100
AcDbLine
 10
0.0
 20
20.0
 30
8.0
 11
20.0
 21
20.0
 31
8.0
  0
LINE
  5
17E
330
17
100
AcDbEntity
  8
3D_ESTRUCTURA_TIJERALES
100
AcDbLine
 10
0.0
 20
20.0
 30
9.2
 11
10.0
 21
20.0
 31
10.0
  0
LINE
  5
17F
330
17
100
AcDbEntity
  8
3D_ESTRUCTURA_TIJERALES
100
AcDbLine
 10
10.0
 20
20.0
 30
10.0
 11
20.0
 21
20.0
 31
9.2
  0
LINE
  5
180
330
17
100
AcDbEntity
  8
3D_ESTRUCTURA_TIJERALES
100
AcDbLine
 10
0.0
 20
20.0
 30
8.0
 11
2.0
 21
20.0
 31
9.2
  0
LINE
  5
181
330
17
100
AcDbEntity
  8
3D_ESTRUCTURA_TIJERALES
100
AcDbLine
 10
2.0
 20
20.0
 30
9.2
 11
4.0
 21
20.0
 31
8.0
  0
LINE
  5
182
330
17
100
AcDbEntity
  8
3D_ESTRUCTURA_TIJERALES
100
AcDbLine
 10
4.0
 20
20.0
 30
8.0
 11
6.0
 21
20.0
 31
9.2
  0
LINE
  5
183
330
17
100
AcDbEntity
  8
3D_ESTRUCTURA_TIJERALES
100
AcDbLine
 10
6.0
 20
20.0
 30
9.2
 11
8.0
 21
20.0
 31
8.0
  0
LINE
  5
184
330
17
100
AcDbEntity
  8
3D_ESTRUCTURA_TIJERALES
100
AcDbLine
 10
8.0
 20
20.0
 30
8.0
 11
10.0
 21
20.0
 31
9.2
  0
LINE
  5
185
330
17
100
AcDbEntity
  8
3D_ESTRUCTURA_TIJERALES
100
AcDbLine
 10
10.0
 20
20.0
 30
9.2
 11
12.0
 21
20.0
 31
8.0
  0
LINE
  5
186
330
17
100
AcDbEntity
  8
3D_ESTRUCTURA_TIJERALES
100
AcDbLine
 10
12.0
 20
20.0
 30
8.0
 11
14.0
 21
20.0
 31
9.2
  0
LINE
  5
187
330
17
100
AcDbEntity
  8
3D_ESTRUCTURA_TIJERALES
100
AcDbLine
 10
14.0
 20
20.0
 30
9.2
 11
16.0
 21
20.0
 31
8.0
  0
LINE
  5
188
330
17
100
AcDbEntity
  8
3D_ESTRUCTURA_TIJERALES
100
AcDbLine
 10
16.0
 20
20.0
 30
8.0
 11
18.0
 21
20.0
 31
9.2
  0
LINE
  5
189
330
17
100
AcDbEntity
  8
3D_ESTRUCTURA_TIJERALES
100
AcDbLine
 10
18.0
 20
20.0
 30
9.2
 11
20.0
 21
20.0
 31
8.0
  0
POLYLINE
  5
18A
330
17
100
AcDbEntity
  8
3D_ESTRUCTURA_COLUMNAS
100
AcDb3dPolyline
 66
1
 10
0.0
 20
0.0
 30
0.0
 70
8
  0
VERTEX
  5
18C
330
17
100
AcDbEntity
  8
3D_ESTRUCTURA_COLUMNAS
100
AcDbVertex
100
AcDb3dPolylineVertex
 10
-0.4
 20
24.8
 30
0.0
 70
32
  0
VERTEX
  5
18D
330
17
100
AcDbEntity
  8
3D_ESTRUCTURA_COLUMNAS
100
AcDbVertex
100
AcDb3dPolylineVertex
 10
0.0
 20
24.8
 30
0.0
 70
32
  0
VERTEX
  5
18E
330
17
100
AcDbEntity
  8
3D_ESTRUCTURA_COLUMNAS
100
AcDbVertex
100
AcDb3dPolylineVertex
 10
0.0
 20
25.2
 30
0.0
 70
32
  0
VERTEX
  5
18F
330
17
100
AcDbEntity
  8
3D_ESTRUCTURA_COLUMNAS
100
AcDbVertex
100
AcDb3dPolylineVertex
 10
-0.4
 20
25.2
 30
0.0
 70
32
  0
VERTEX
  5
190
330
17
100
AcDbEntity
  8
3D_ESTRUCTURA_COLUMNAS
100
AcDbVertex
100
AcDb3dPolylineVertex
 10
-0.4
 20
24.8
 30
0.0
 70
32
  0
SEQEND
  5
18B
330
18A
100
AcDbEntity
  8
3D_ESTRUCTURA_COLUMNAS
  0
POLYLINE
  5
191
330
17
100
AcDbEntity
  8
3D_ESTRUCTURA_COLUMNAS
100
AcDb3dPolyline
 66
1
 10
0.0
 20
0.0
 30
0.0
 70
8
  0
VERTEX
  5
193
330
17
100
AcDbEntity
  8
3D_ESTRUCTURA_COLUMNAS
100
AcDbVertex
100
AcDb3dPolylineVertex
 10
-0.4
 20
24.8
 30
8.0
 70
32
  0
VERTEX
  5
194
330
17
100
AcDbEntity
  8
3D_ESTRUCTURA_COLUMNAS
100
AcDbVertex
100
AcDb3dPolylineVertex
 10
0.0
 20
24.8
 30
8.0
 70
32
  0
VERTEX
  5
195
330
17
100
AcDbEntity
  8
3D_ESTRUCTURA_COLUMNAS
100
AcDbVertex
100
AcDb3dPolylineVertex
 10
0.0
 20
25.2
 30
8.0
 70
32
  0
VERTEX
  5
196
330
17
100
AcDbEntity
  8
3D_ESTRUCTURA_COLUMNAS
100
AcDbVertex
100
AcDb3dPolylineVertex
 10
-0.4
 20
25.2
 30
8.0
 70
32
  0
VERTEX
  5
197
330
17
100
AcDbEntity
  8
3D_ESTRUCTURA_COLUMNAS
100
AcDbVertex
100
AcDb3dPolylineVertex
 10
-0.4
 20
24.8
 30
8.0
 70
32
  0
SEQEND
  5
192
330
191
100
AcDbEntity
  8
3D_ESTRUCTURA_COLUMNAS
  0
LINE
  5
198
330
17
100
AcDbEntity
  8
3D_ESTRUCTURA_COLUMNAS
100
AcDbLine
 10
-0.4
 20
24.8
 30
0.0
 11
-0.4
 21
24.8
 31
8.0
  0
LINE
  5
199
330
17
100
AcDbEntity
  8
3D_ESTRUCTURA_COLUMNAS
100
AcDbLine
 10
0.0
 20
24.8
 30
0.0
 11
0.0
 21
24.8
 31
8.0
  0
LINE
  5
19A
330
17
100
AcDbEntity
  8
3D_ESTRUCTURA_COLUMNAS
100
AcDbLine
 10
0.0
 20
25.2
 30
0.0
 11
0.0
 21
25.2
 31
8.0
  0
LINE
  5
19B
330
17
100
AcDbEntity
  8
3D_ESTRUCTURA_COLUMNAS
100
AcDbLine
 10
-0.4
 20
25.2
 30
0.0
 11
-0.4
 21
25.2
 31
8.0
  0
POLYLINE
  5
19C
330
17
100
AcDbEntity
  8
3D_ESTRUCTURA_COLUMNAS
100
AcDb3dPolyline
 66
1
 10
0.0
 20
0.0
 30
0.0
 70
8
  0
VERTEX
  5
19E
330
17
100
AcDbEntity
  8
3D_ESTRUCTURA_COLUMNAS
100
AcDbVertex
100
AcDb3dPolylineVertex
 10
20.0
 20
24.8
 30
0.0
 70
32
  0
VERTEX
  5
19F
330
17
100
AcDbEntity
  8
3D_ESTRUCTURA_COLUMNAS
100
AcDbVertex
100
AcDb3dPolylineVertex
 10
20.4
 20
24.8
 30
0.0
 70
32
  0
VERTEX
  5
1A0
330
17
100
AcDbEntity
  8
3D_ESTRUCTURA_COLUMNAS
100
AcDbVertex
100
AcDb3dPolylineVertex
 10
20.4
 20
25.2
 30
0.0
 70
32
  0
VERTEX
  5
1A1
330
17
100
AcDbEntity
  8
3D_ESTRUCTURA_COLUMNAS
100
AcDbVertex
100
AcDb3dPolylineVertex
 10
20.0
 20
25.2
 30
0.0
 70
32
  0
VERTEX
  5
1A2
330
17
100
AcDbEntity
  8
3D_ESTRUCTURA_COLUMNAS
100
AcDbVertex
100
AcDb3dPolylineVertex
 10
20.0
 20
24.8
 30
0.0
 70
32
  0
SEQEND
  5
19D
330
19C
100
AcDbEntity
  8
3D_ESTRUCTURA_COLUMNAS
  0
POLYLINE
  5
1A3
330
17
100
AcDbEntity
  8
3D_ESTRUCTURA_COLUMNAS
100
AcDb3dPolyline
 66
1
 10
0.0
 20
0.0
 30
0.0
 70
8
  0
VERTEX
  5
1A5
330
17
100
AcDbEntity
  8
3D_ESTRUCTURA_COLUMNAS
100
AcDbVertex
100
AcDb3dPolylineVertex
 10
20.0
 20
24.8
 30
8.0
 70
32
  0
VERTEX
  5
1A6
330
17
100
AcDbEntity
  8
3D_ESTRUCTURA_COLUMNAS
100
AcDbVertex
100
AcDb3dPolylineVertex
 10
20.4
 20
24.8
 30
8.0
 70
32
  0
VERTEX
  5
1A7
330
17
100
AcDbEntity
  8
3D_ESTRUCTURA_COLUMNAS
100
AcDbVertex
100
AcDb3dPolylineVertex
 10
20.4
 20
25.2
 30
8.0
 70
32
  0
VERTEX
  5
1A8
330
17
100
AcDbEntity
  8
3D_ESTRUCTURA_COLUMNAS
100
AcDbVertex
100
AcDb3dPolylineVertex
 10
20.0
 20
25.2
 30
8.0
 70
32
  0
VERTEX
  5
1A9
330
17
100
AcDbEntity
  8
3D_ESTRUCTURA_COLUMNAS
100
AcDbVertex
100
AcDb3dPolylineVertex
 10
20.0
 20
24.8
 30
8.0
 70
32
  0
SEQEND
  5
1A4
330
1A3
100
AcDbEntity
  8
3D_ESTRUCTURA_COLUMNAS
  0
LINE
  5
1AA
330
17
100
AcDbEntity
  8
3D_ESTRUCTURA_COLUMNAS
100
AcDbLine
 10
20.0
 20
24.8
 30
0.0
 11
20.0
 21
24.8
 31
8.0
  0
LINE
  5
1AB
330
17
100
AcDbEntity
  8
3D_ESTRUCTURA_COLUMNAS
100
AcDbLine
 10
20.4
 20
24.8
 30
0.0
 11
20.4
 21
24.8
 31
8.0
  0
LINE
  5
1AC
330
17
100
AcDbEntity
  8
3D_ESTRUCTURA_COLUMNAS
100
AcDbLine
 10
20.4
 20
25.2
 30
0.0
 11
20.4
 21
25.2
 31
8.0
  0
LINE
  5
1AD
330
17
100
AcDbEntity
  8
3D_ESTRUCTURA_COLUMNAS
100
AcDbLine
 10
20.0
 20
25.2
 30
0.0
 11
20.0
 21
25.2
 31
8.0
  0
LINE
  5
1AE
330
17
100
AcDbEntity
  8
3D_ESTRUCTURA_TIJERALES
100
AcDbLine
 10
0.0
 20
25.0
 30
8.0
 11
20.0
 21
25.0
 31
8.0
  0
LINE
  5
1AF
330
17
100
AcDbEntity
  8
3D_ESTRUCTURA_TIJERALES
100
AcDbLine
 10
0.0
 20
25.0
 30
9.2
 11
10.0
 21
25.0
 31
10.0
  0
LINE
  5
1B0
330
17
100
AcDbEntity
  8
3D_ESTRUCTURA_TIJERALES
100
AcDbLine
 10
10.0
 20
25.0
 30
10.0
 11
20.0
 21
25.0
 31
9.2
  0
LINE
  5
1B1
330
17
100
AcDbEntity
  8
3D_ESTRUCTURA_TIJERALES
100
AcDbLine
 10
0.0
 20
25.0
 30
8.0
 11
2.0
 21
25.0
 31
9.2
  0
LINE
  5
1B2
330
17
100
AcDbEntity
  8
3D_ESTRUCTURA_TIJERALES
100
AcDbLine
 10
2.0
 20
25.0
 30
9.2
 11
4.0
 21
25.0
 31
8.0
  0
LINE
  5
1B3
330
17
100
AcDbEntity
  8
3D_ESTRUCTURA_TIJERALES
100
AcDbLine
 10
4.0
 20
25.0
 30
8.0
 11
6.0
 21
25.0
 31
9.2
  0
LINE
  5
1B4
330
17
100
AcDbEntity
  8
3D_ESTRUCTURA_TIJERALES
100
AcDbLine
 10
6.0
 20
25.0
 30
9.2
 11
8.0
 21
25.0
 31
8.0
  0
LINE
  5
1B5
330
17
100
AcDbEntity
  8
3D_ESTRUCTURA_TIJERALES
100
AcDbLine
 10
8.0
 20
25.0
 30
8.0
 11
10.0
 21
25.0
 31
9.2
  0
LINE
  5
1B6
330
17
100
AcDbEntity
  8
3D_ESTRUCTURA_TIJERALES
100
AcDbLine
 10
10.0
 20
25.0
 30
9.2
 11
12.0
 21
25.0
 31
8.0
  0
LINE
  5
1B7
330
17
100
AcDbEntity
  8
3D_ESTRUCTURA_TIJERALES
100
AcDbLine
 10
12.0
 20
25.0
 30
8.0
 11
14.0
 21
25.0
 31
9.2
  0
LINE
  5
1B8
330
17
100
AcDbEntity
  8
3D_ESTRUCTURA_TIJERALES
100
AcDbLine
 10
14.0
 20
25.0
 30
9.2
 11
16.0
 21
25.0
 31
8.0
  0
LINE
  5
1B9
330
17
100
AcDbEntity
  8
3D_ESTRUCTURA_TIJERALES
100
AcDbLine
 10
16.0
 20
25.0
 30
8.0
 11
18.0
 21
25.0
 31
9.2
  0
LINE
  5
1BA
330
17
100
AcDbEntity
  8
3D_ESTRUCTURA_TIJERALES
100
AcDbLine
 10
18.0
 20
25.0
 30
9.2
 11
20.0
 21
25.0
 31
8.0
  0
POLYLINE
  5
1BB
330
17
100
AcDbEntity
  8
3D_ESTRUCTURA_COLUMNAS
100
AcDb3dPolyline
 66
1
 10
0.0
 20
0.0
 30
0.0
 70
8
  0
VERTEX
  5
1BD
330
17
100
AcDbEntity
  8
3D_ESTRUCTURA_COLUMNAS
100
AcDbVertex
100
AcDb3dPolylineVertex
 10
-0.4
 20
29.8
 30
0.0
 70
32
  0
VERTEX
  5
1BE
330
17
100
AcDbEntity
  8
3D_ESTRUCTURA_COLUMNAS
100
AcDbVertex
100
AcDb3dPolylineVertex
 10
0.0
 20
29.8
 30
0.0
 70
32
  0
VERTEX
  5
1BF
330
17
100
AcDbEntity
  8
3D_ESTRUCTURA_COLUMNAS
100
AcDbVertex
100
AcDb3dPolylineVertex
 10
0.0
 20
30.2
 30
0.0
 70
32
  0
VERTEX
  5
1C0
330
17
100
AcDbEntity
  8
3D_ESTRUCTURA_COLUMNAS
100
AcDbVertex
100
AcDb3dPolylineVertex
 10
-0.4
 20
30.2
 30
0.0
 70
32
  0
VERTEX
  5
1C1
330
17
100
AcDbEntity
  8
3D_ESTRUCTURA_COLUMNAS
100
AcDbVertex
100
AcDb3dPolylineVertex
 10
-0.4
 20
29.8
 30
0.0
 70
32
  0
SEQEND
  5
1BC
330
1BB
100
AcDbEntity
  8
3D_ESTRUCTURA_COLUMNAS
  0
POLYLINE
  5
1C2
330
17
100
AcDbEntity
  8
3D_ESTRUCTURA_COLUMNAS
100
AcDb3dPolyline
 66
1
 10
0.0
 20
0.0
 30
0.0
 70
8
  0
VERTEX
  5
1C4
330
17
100
AcDbEntity
  8
3D_ESTRUCTURA_COLUMNAS
100
AcDbVertex
100
AcDb3dPolylineVertex
 10
-0.4
 20
29.8
 30
8.0
 70
32
  0
VERTEX
  5
1C5
330
17
100
AcDbEntity
  8
3D_ESTRUCTURA_COLUMNAS
100
AcDbVertex
100
AcDb3dPolylineVertex
 10
0.0
 20
29.8
 30
8.0
 70
32
  0
VERTEX
  5
1C6
330
17
100
AcDbEntity
  8
3D_ESTRUCTURA_COLUMNAS
100
AcDbVertex
100
AcDb3dPolylineVertex
 10
0.0
 20
30.2
 30
8.0
 70
32
  0
VERTEX
  5
1C7
330
17
100
AcDbEntity
  8
3D_ESTRUCTURA_COLUMNAS
100
AcDbVertex
100
AcDb3dPolylineVertex
 10
-0.4
 20
30.2
 30
8.0
 70
32
  0
VERTEX
  5
1C8
330
17
100
AcDbEntity
  8
3D_ESTRUCTURA_COLUMNAS
100
AcDbVertex
100
AcDb3dPolylineVertex
 10
-0.4
 20
29.8
 30
8.0
 70
32
  0
SEQEND
  5
1C3
330
1C2
100
AcDbEntity
  8
3D_ESTRUCTURA_COLUMNAS
  0
LINE
  5
1C9
330
17
100
AcDbEntity
  8
3D_ESTRUCTURA_COLUMNAS
100
AcDbLine
 10
-0.4
 20
29.8
 30
0.0
 11
-0.4
 21
29.8
 31
8.0
  0
LINE
  5
1CA
330
17
100
AcDbEntity
  8
3D_ESTRUCTURA_COLUMNAS
100
AcDbLine
 10
0.0
 20
29.8
 30
0.0
 11
0.0
 21
29.8
 31
8.0
  0
LINE
  5
1CB
330
17
100
AcDbEntity
  8
3D_ESTRUCTURA_COLUMNAS
100
AcDbLine
 10
0.0
 20
30.2
 30
0.0
 11
0.0
 21
30.2
 31
8.0
  0
LINE
  5
1CC
330
17
100
AcDbEntity
  8
3D_ESTRUCTURA_COLUMNAS
100
AcDbLine
 10
-0.4
 20
30.2
 30
0.0
 11
-0.4
 21
30.2
 31
8.0
  0
POLYLINE
  5
1CD
330
17
100
AcDbEntity
  8
3D_ESTRUCTURA_COLUMNAS
100
AcDb3dPolyline
 66
1
 10
0.0
 20
0.0
 30
0.0
 70
8
  0
VERTEX
  5
1CF
330
17
100
AcDbEntity
  8
3D_ESTRUCTURA_COLUMNAS
100
AcDbVertex
100
AcDb3dPolylineVertex
 10
20.0
 20
29.8
 30
0.0
 70
32
  0
VERTEX
  5
1D0
330
17
100
AcDbEntity
  8
3D_ESTRUCTURA_COLUMNAS
100
AcDbVertex
100
AcDb3dPolylineVertex
 10
20.4
 20
29.8
 30
0.0
 70
32
  0
VERTEX
  5
1D1
330
17
100
AcDbEntity
  8
3D_ESTRUCTURA_COLUMNAS
100
AcDbVertex
100
AcDb3dPolylineVertex
 10
20.4
 20
30.2
 30
0.0
 70
32
  0
VERTEX
  5
1D2
330
17
100
AcDbEntity
  8
3D_ESTRUCTURA_COLUMNAS
100
AcDbVertex
100
AcDb3dPolylineVertex
 10
20.0
 20
30.2
 30
0.0
 70
32
  0
VERTEX
  5
1D3
330
17
100
AcDbEntity
  8
3D_ESTRUCTURA_COLUMNAS
100
AcDbVertex
100
AcDb3dPolylineVertex
 10
20.0
 20
29.8
 30
0.0
 70
32
  0
SEQEND
  5
1CE
330
1CD
100
AcDbEntity
  8
3D_ESTRUCTURA_COLUMNAS
  0
POLYLINE
  5
1D4
330
17
100
AcDbEntity
  8
3D_ESTRUCTURA_COLUMNAS
100
AcDb3dPolyline
 66
1
 10
0.0
 20
0.0
 30
0.0
 70
8
  0
VERTEX
  5
1D6
330
17
100
AcDbEntity
  8
3D_ESTRUCTURA_COLUMNAS
100
AcDbVertex
100
AcDb3dPolylineVertex
 10
20.0
 20
29.8
 30
8.0
 70
32
  0
VERTEX
  5
1D7
330
17
100
AcDbEntity
  8
3D_ESTRUCTURA_COLUMNAS
100
AcDbVertex
100
AcDb3dPolylineVertex
 10
20.4
 20
29.8
 30
8.0
 70
32
  0
VERTEX
  5
1D8
330
17
100
AcDbEntity
  8
3D_ESTRUCTURA_COLUMNAS
100
AcDbVertex
100
AcDb3dPolylineVertex
 10
20.4
 20
30.2
 30
8.0
 70
32
  0
VERTEX
  5
1D9
330
17
100
AcDbEntity
  8
3D_ESTRUCTURA_COLUMNAS
100
AcDbVertex
100
AcDb3dPolylineVertex
 10
20.0
 20
30.2
 30
8.0
 70
32
  0
VERTEX
  5
1DA
330
17
100
AcDbEntity
  8
3D_ESTRUCTURA_COLUMNAS
100
AcDbVertex
100
AcDb3dPolylineVertex
 10
20.0
 20
29.8
 30
8.0
 70
32
  0
SEQEND
  5
1D5
330
1D4
100
AcDbEntity
  8
3D_ESTRUCTURA_COLUMNAS
  0
LINE
  5
1DB
330
17
100
AcDbEntity
  8
3D_ESTRUCTURA_COLUMNAS
100
AcDbLine
 10
20.0
 20
29.8
 30
0.0
 11
20.0
 21
29.8
 31
8.0
  0
LINE
  5
1DC
330
17
100
AcDbEntity
  8
3D_ESTRUCTURA_COLUMNAS
100
AcDbLine
 10
20.4
 20
29.8
 30
0.0
 11
20.4
 21
29.8
 31
8.0
  0
LINE
  5
1DD
330
17
100
AcDbEntity
  8
3D_ESTRUCTURA_COLUMNAS
100
AcDbLine
 10
20.4
 20
30.2
 30
0.0
 11
20.4
 21
30.2
 31
8.0
  0
LINE
  5
1DE
330
17
100
AcDbEntity
  8
3D_ESTRUCTURA_COLUMNAS
100
AcDbLine
 10
20.0
 20
30.2
 30
0.0
 11
20.0
 21
30.2
 31
8.0
  0
LINE
  5
1DF
330
17
100
AcDbEntity
  8
3D_ESTRUCTURA_TIJERALES
100
AcDbLine
 10
0.0
 20
30.0
 30
8.0
 11
20.0
 21
30.0
 31
8.0
  0
LINE
  5
1E0
330
17
100
AcDbEntity
  8
3D_ESTRUCTURA_TIJERALES
100
AcDbLine
 10
0.0
 20
30.0
 30
9.2
 11
10.0
 21
30.0
 31
10.0
  0
LINE
  5
1E1
330
17
100
AcDbEntity
  8
3D_ESTRUCTURA_TIJERALES
100
AcDbLine
 10
10.0
 20
30.0
 30
10.0
 11
20.0
 21
30.0
 31
9.2
  0
LINE
  5
1E2
330
17
100
AcDbEntity
  8
3D_ESTRUCTURA_TIJERALES
100
AcDbLine
 10
0.0
 20
30.0
 30
8.0
 11
2.0
 21
30.0
 31
9.2
  0
LINE
  5
1E3
330
17
100
AcDbEntity
  8
3D_ESTRUCTURA_TIJERALES
100
AcDbLine
 10
2.0
 20
30.0
 30
9.2
 11
4.0
 21
30.0
 31
8.0
  0
LINE
  5
1E4
330
17
100
AcDbEntity
  8
3D_ESTRUCTURA_TIJERALES
100
AcDbLine
 10
4.0
 20
30.0
 30
8.0
 11
6.0
 21
30.0
 31
9.2
  0
LINE
  5
1E5
330
17
100
AcDbEntity
  8
3D_ESTRUCTURA_TIJERALES
100
AcDbLine
 10
6.0
 20
30.0
 30
9.2
 11
8.0
 21
30.0
 31
8.0
  0
LINE
  5
1E6
330
17
100
AcDbEntity
  8
3D_ESTRUCTURA_TIJERALES
100
AcDbLine
 10
8.0
 20
30.0
 30
8.0
 11
10.0
 21
30.0
 31
9.2
  0
LINE
  5
1E7
330
17
100
AcDbEntity
  8
3D_ESTRUCTURA_TIJERALES
100
AcDbLine
 10
10.0
 20
30.0
 30
9.2
 11
12.0
 21
30.0
 31
8.0
  0
LINE
  5
1E8
330
17
100
AcDbEntity
  8
3D_ESTRUCTURA_TIJERALES
100
AcDbLine
 10
12.0
 20
30.0
 30
8.0
 11
14.0
 21
30.0
 31
9.2
  0
LINE
  5
1E9
330
17
100
AcDbEntity
  8
3D_ESTRUCTURA_TIJERALES
100
AcDbLine
 10
14.0
 20
30.0
 30
9.2
 11
16.0
 21
30.0
 31
8.0
  0
LINE
  5
1EA
330
17
100
AcDbEntity
  8
3D_ESTRUCTURA_TIJERALES
100
AcDbLine
 10
16.0
 20
30.0
 30
8.0
 11
18.0
 21
30.0
 31
9.2
  0
LINE
  5
1EB
330
17
100
AcDbEntity
  8
3D_ESTRUCTURA_TIJERALES
100
AcDbLine
 10
18.0
 20
30.0
 30
9.2
 11
20.0
 21
30.0
 31
8.0
  0
POLYLINE
  5
1EC
330
17
100
AcDbEntity
  8
3D_ESTRUCTURA_COLUMNAS
100
AcDb3dPolyline
 66
1
 10
0.0
 20
0.0
 30
0.0
 70
8
  0
VERTEX
  5
1EE
330
17
100
AcDbEntity
  8
3D_ESTRUCTURA_COLUMNAS
100
AcDbVertex
100
AcDb3dPolylineVertex
 10
-0.4
 20
34.8
 30
0.0
 70
32
  0
VERTEX
  5
1EF
330
17
100
AcDbEntity
  8
3D_ESTRUCTURA_COLUMNAS
100
AcDbVertex
100
AcDb3dPolylineVertex
 10
0.0
 20
34.8
 30
0.0
 70
32
  0
VERTEX
  5
1F0
330
17
100
AcDbEntity
  8
3D_ESTRUCTURA_COLUMNAS
100
AcDbVertex
100
AcDb3dPolylineVertex
 10
0.0
 20
35.199999999999996
 30
0.0
 70
32
  0
VERTEX
  5
1F1
330
17
100
AcDbEntity
  8
3D_ESTRUCTURA_COLUMNAS
100
AcDbVertex
100
AcDb3dPolylineVertex
 10
-0.4
 20
35.199999999999996
 30
0.0
 70
32
  0
VERTEX
  5
1F2
330
17
100
AcDbEntity
  8
3D_ESTRUCTURA_COLUMNAS
100
AcDbVertex
100
AcDb3dPolylineVertex
 10
-0.4
 20
34.8
 30
0.0
 70
32
  0
SEQEND
  5
1ED
330
1EC
100
AcDbEntity
  8
3D_ESTRUCTURA_COLUMNAS
  0
POLYLINE
  5
1F3
330
17
100
AcDbEntity
  8
3D_ESTRUCTURA_COLUMNAS
100
AcDb3dPolyline
 66
1
 10
0.0
 20
0.0
 30
0.0
 70
8
  0
VERTEX
  5
1F5
330
17
100
AcDbEntity
  8
3D_ESTRUCTURA_COLUMNAS
100
AcDbVertex
100
AcDb3dPolylineVertex
 10
-0.4
 20
34.8
 30
8.0
 70
32
  0
VERTEX
  5
1F6
330
17
100
AcDbEntity
  8
3D_ESTRUCTURA_COLUMNAS
100
AcDbVertex
100
AcDb3dPolylineVertex
 10
0.0
 20
34.8
 30
8.0
 70
32
  0
VERTEX
  5
1F7
330
17
100
AcDbEntity
  8
3D_ESTRUCTURA_COLUMNAS
100
AcDbVertex
100
AcDb3dPolylineVertex
 10
0.0
 20
35.199999999999996
 30
8.0
 70
32
  0
VERTEX
  5
1F8
330
17
100
AcDbEntity
  8
3D_ESTRUCTURA_COLUMNAS
100
AcDbVertex
100
AcDb3dPolylineVertex
 10
-0.4
 20
35.199999999999996
 30
8.0
 70
32
  0
VERTEX
  5
1F9
330
17
100
AcDbEntity
  8
3D_ESTRUCTURA_COLUMNAS
100
AcDbVertex
100
AcDb3dPolylineVertex
 10
-0.4
 20
34.8
 30
8.0
 70
32
  0
SEQEND
  5
1F4
330
1F3
100
AcDbEntity
  8
3D_ESTRUCTURA_COLUMNAS
  0
LINE
  5
1FA
330
17
100
AcDbEntity
  8
3D_ESTRUCTURA_COLUMNAS
100
AcDbLine
 10
-0.4
 20
34.8
 30
0.0
 11
-0.4
 21
34.8
 31
8.0
  0
LINE
  5
1FB
330
17
100
AcDbEntity
  8
3D_ESTRUCTURA_COLUMNAS
100
AcDbLine
 10
0.0
 20
34.8
 30
0.0
 11
0.0
 21
34.8
 31
8.0
  0
LINE
  5
1FC
330
17
100
AcDbEntity
  8
3D_ESTRUCTURA_COLUMNAS
100
AcDbLine
 10
0.0
 20
35.199999999999996
 30
0.0
 11
0.0
 21
35.199999999999996
 31
8.0
  0
LINE
  5
1FD
330
17
100
AcDbEntity
  8
3D_ESTRUCTURA_COLUMNAS
100
AcDbLine
 10
-0.4
 20
35.199999999999996
 30
0.0
 11
-0.4
 21
35.199999999999996
 31
8.0
  0
POLYLINE
  5
1FE
330
17
100
AcDbEntity
  8
3D_ESTRUCTURA_COLUMNAS
100
AcDb3dPolyline
 66
1
 10
0.0
 20
0.0
 30
0.0
 70
8
  0
VERTEX
  5
200
330
17
100
AcDbEntity
  8
3D_ESTRUCTURA_COLUMNAS
100
AcDbVertex
100
AcDb3dPolylineVertex
 10
20.0
 20
34.8
 30
0.0
 70
32
  0
VERTEX
  5
201
330
17
100
AcDbEntity
  8
3D_ESTRUCTURA_COLUMNAS
100
AcDbVertex
100
AcDb3dPolylineVertex
 10
20.4
 20
34.8
 30
0.0
 70
32
  0
VERTEX
  5
202
330
17
100
AcDbEntity
  8
3D_ESTRUCTURA_COLUMNAS
100
AcDbVertex
100
AcDb3dPolylineVertex
 10
20.4
 20
35.199999999999996
 30
0.0
 70
32
  0
VERTEX
  5
203
330
17
100
AcDbEntity
  8
3D_ESTRUCTURA_COLUMNAS
100
AcDbVertex
100
AcDb3dPolylineVertex
 10
20.0
 20
35.199999999999996
 30
0.0
 70
32
  0
VERTEX
  5
204
330
17
100
AcDbEntity
  8
3D_ESTRUCTURA_COLUMNAS
100
AcDbVertex
100
AcDb3dPolylineVertex
 10
20.0
 20
34.8
 30
0.0
 70
32
  0
SEQEND
  5
1FF
330
1FE
100
AcDbEntity
  8
3D_ESTRUCTURA_COLUMNAS
  0
POLYLINE
  5
205
330
17
100
AcDbEntity
  8
3D_ESTRUCTURA_COLUMNAS
100
AcDb3dPolyline
 66
1
 10
0.0
 20
0.0
 30
0.0
 70
8
  0
VERTEX
  5
207
330
17
100
AcDbEntity
  8
3D_ESTRUCTURA_COLUMNAS
100
AcDbVertex
100
AcDb3dPolylineVertex
 10
20.0
 20
34.8
 30
8.0
 70
32
  0
VERTEX
  5
208
330
17
100
AcDbEntity
  8
3D_ESTRUCTURA_COLUMNAS
100
AcDbVertex
100
AcDb3dPolylineVertex
 10
20.4
 20
34.8
 30
8.0
 70
32
  0
VERTEX
  5
209
330
17
100
AcDbEntity
  8
3D_ESTRUCTURA_COLUMNAS
100
AcDbVertex
100
AcDb3dPolylineVertex
 10
20.4
 20
35.199999999999996
 30
8.0
 70
32
  0
VERTEX
  5
20A
330
17
100
AcDbEntity
  8
3D_ESTRUCTURA_COLUMNAS
100
AcDbVertex
100
AcDb3dPolylineVertex
 10
20.0
 20
35.199999999999996
 30
8.0
 70
32
  0
VERTEX
  5
20B
330
17
100
AcDbEntity
  8
3D_ESTRUCTURA_COLUMNAS
100
AcDbVertex
100
AcDb3dPolylineVertex
 10
20.0
 20
34.8
 30
8.0
 70
32
  0
SEQEND
  5
206
330
205
100
AcDbEntity
  8
3D_ESTRUCTURA_COLUMNAS
  0
LINE
  5
20C
330
17
100
AcDbEntity
  8
3D_ESTRUCTURA_COLUMNAS
100
AcDbLine
 10
20.0
 20
34.8
 30
0.0
 11
20.0
 21
34.8
 31
8.0
  0
LINE
  5
20D
330
17
100
AcDbEntity
  8
3D_ESTRUCTURA_COLUMNAS
100
AcDbLine
 10
20.4
 20
34.8
 30
0.0
 11
20.4
 21
34.8
 31
8.0
  0
LINE
  5
20E
330
17
100
AcDbEntity
  8
3D_ESTRUCTURA_COLUMNAS
100
AcDbLine
 10
20.4
 20
35.199999999999996
 30
0.0
 11
20.4
 21
35.199999999999996
 31
8.0
  0
LINE
  5
20F
330
17
100
AcDbEntity
  8
3D_ESTRUCTURA_COLUMNAS
100
AcDbLine
 10
20.0
 20
35.199999999999996
 30
0.0
 11
20.0
 21
35.199999999999996
 31
8.0
  0
LINE
  5
210
330
17
100
AcDbEntity
  8
3D_ESTRUCTURA_TIJERALES
100
AcDbLine
 10
0.0
 20
35.0
 30
8.0
 11
20.0
 21
35.0
 31
8.0
  0
LINE
  5
211
330
17
100
AcDbEntity
  8
3D_ESTRUCTURA_TIJERALES
100
AcDbLine
 10
0.0
 20
35.0
 30
9.2
 11
10.0
 21
35.0
 31
10.0
  0
LINE
  5
212
330
17
100
AcDbEntity
  8
3D_ESTRUCTURA_TIJERALES
100
AcDbLine
 10
10.0
 20
35.0
 30
10.0
 11
20.0
 21
35.0
 31
9.2
  0
LINE
  5
213
330
17
100
AcDbEntity
  8
3D_ESTRUCTURA_TIJERALES
100
AcDbLine
 10
0.0
 20
35.0
 30
8.0
 11
2.0
 21
35.0
 31
9.2
  0
LINE
  5
214
330
17
100
AcDbEntity
  8
3D_ESTRUCTURA_TIJERALES
100
AcDbLine
 10
2.0
 20
35.0
 30
9.2
 11
4.0
 21
35.0
 31
8.0
  0
LINE
  5
215
330
17
100
AcDbEntity
  8
3D_ESTRUCTURA_TIJERALES
100
AcDbLine
 10
4.0
 20
35.0
 30
8.0
 11
6.0
 21
35.0
 31
9.2
  0
LINE
  5
216
330
17
100
AcDbEntity
  8
3D_ESTRUCTURA_TIJERALES
100
AcDbLine
 10
6.0
 20
35.0
 30
9.2
 11
8.0
 21
35.0
 31
8.0
  0
LINE
  5
217
330
17
100
AcDbEntity
  8
3D_ESTRUCTURA_TIJERALES
100
AcDbLine
 10
8.0
 20
35.0
 30
8.0
 11
10.0
 21
35.0
 31
9.2
  0
LINE
  5
218
330
17
100
AcDbEntity
  8
3D_ESTRUCTURA_TIJERALES
100
AcDbLine
 10
10.0
 20
35.0
 30
9.2
 11
12.0
 21
35.0
 31
8.0
  0
LINE
  5
219
330
17
100
AcDbEntity
  8
3D_ESTRUCTURA_TIJERALES
100
AcDbLine
 10
12.0
 20
35.0
 30
8.0
 11
14.0
 21
35.0
 31
9.2
  0
LINE
  5
21A
330
17
100
AcDbEntity
  8
3D_ESTRUCTURA_TIJERALES
100
AcDbLine
 10
14.0
 20
35.0
 30
9.2
 11
16.0
 21
35.0
 31
8.0
  0
LINE
  5
21B
330
17
100
AcDbEntity
  8
3D_ESTRUCTURA_TIJERALES
100
AcDbLine
 10
16.0
 20
35.0
 30
8.0
 11
18.0
 21
35.0
 31
9.2
  0
LINE
  5
21C
330
17
100
AcDbEntity
  8
3D_ESTRUCTURA_TIJERALES
100
AcDbLine
 10
18.0
 20
35.0
 30
9.2
 11
20.0
 21
35.0
 31
8.0
  0
POLYLINE
  5
21D
330
17
100
AcDbEntity
  8
3D_ESTRUCTURA_COLUMNAS
100
AcDb3dPolyline
 66
1
 10
0.0
 20
0.0
 30
0.0
 70
8
  0
VERTEX
  5
21F
330
17
100
AcDbEntity
  8
3D_ESTRUCTURA_COLUMNAS
100
AcDbVertex
100
AcDb3dPolylineVertex
 10
-0.4
 20
39.8
 30
0.0
 70
32
  0
VERTEX
  5
220
330
17
100
AcDbEntity
  8
3D_ESTRUCTURA_COLUMNAS
100
AcDbVertex
100
AcDb3dPolylineVertex
 10
0.0
 20
39.8
 30
0.0
 70
32
  0
VERTEX
  5
221
330
17
100
AcDbEntity
  8
3D_ESTRUCTURA_COLUMNAS
100
AcDbVertex
100
AcDb3dPolylineVertex
 10
0.0
 20
40.199999999999996
 30
0.0
 70
32
  0
VERTEX
  5
222
330
17
100
AcDbEntity
  8
3D_ESTRUCTURA_COLUMNAS
100
AcDbVertex
100
AcDb3dPolylineVertex
 10
-0.4
 20
40.199999999999996
 30
0.0
 70
32
  0
VERTEX
  5
223
330
17
100
AcDbEntity
  8
3D_ESTRUCTURA_COLUMNAS
100
AcDbVertex
100
AcDb3dPolylineVertex
 10
-0.4
 20
39.8
 30
0.0
 70
32
  0
SEQEND
  5
21E
330
21D
100
AcDbEntity
  8
3D_ESTRUCTURA_COLUMNAS
  0
POLYLINE
  5
224
330
17
100
AcDbEntity
  8
3D_ESTRUCTURA_COLUMNAS
100
AcDb3dPolyline
 66
1
 10
0.0
 20
0.0
 30
0.0
 70
8
  0
VERTEX
  5
226
330
17
100
AcDbEntity
  8
3D_ESTRUCTURA_COLUMNAS
100
AcDbVertex
100
AcDb3dPolylineVertex
 10
-0.4
 20
39.8
 30
8.0
 70
32
  0
VERTEX
  5
227
330
17
100
AcDbEntity
  8
3D_ESTRUCTURA_COLUMNAS
100
AcDbVertex
100
AcDb3dPolylineVertex
 10
0.0
 20
39.8
 30
8.0
 70
32
  0
VERTEX
  5
228
330
17
100
AcDbEntity
  8
3D_ESTRUCTURA_COLUMNAS
100
AcDbVertex
100
AcDb3dPolylineVertex
 10
0.0
 20
40.199999999999996
 30
8.0
 70
32
  0
VERTEX
  5
229
330
17
100
AcDbEntity
  8
3D_ESTRUCTURA_COLUMNAS
100
AcDbVertex
100
AcDb3dPolylineVertex
 10
-0.4
 20
40.199999999999996
 30
8.0
 70
32
  0
VERTEX
  5
22A
330
17
100
AcDbEntity
  8
3D_ESTRUCTURA_COLUMNAS
100
AcDbVertex
100
AcDb3dPolylineVertex
 10
-0.4
 20
39.8
 30
8.0
 70
32
  0
SEQEND
  5
225
330
224
100
AcDbEntity
  8
3D_ESTRUCTURA_COLUMNAS
  0
LINE
  5
22B
330
17
100
AcDbEntity
  8
3D_ESTRUCTURA_COLUMNAS
100
AcDbLine
 10
-0.4
 20
39.8
 30
0.0
 11
-0.4
 21
39.8
 31
8.0
  0
LINE
  5
22C
330
17
100
AcDbEntity
  8
3D_ESTRUCTURA_COLUMNAS
100
AcDbLine
 10
0.0
 20
39.8
 30
0.0
 11
0.0
 21
39.8
 31
8.0
  0
LINE
  5
22D
330
17
100
AcDbEntity
  8
3D_ESTRUCTURA_COLUMNAS
100
AcDbLine
 10
0.0
 20
40.199999999999996
 30
0.0
 11
0.0
 21
40.199999999999996
 31
8.0
  0
LINE
  5
22E
330
17
100
AcDbEntity
  8
3D_ESTRUCTURA_COLUMNAS
100
AcDbLine
 10
-0.4
 20
40.199999999999996
 30
0.0
 11
-0.4
 21
40.199999999999996
 31
8.0
  0
POLYLINE
  5
22F
330
17
100
AcDbEntity
  8
3D_ESTRUCTURA_COLUMNAS
100
AcDb3dPolyline
 66
1
 10
0.0
 20
0.0
 30
0.0
 70
8
  0
VERTEX
  5
231
330
17
100
AcDbEntity
  8
3D_ESTRUCTURA_COLUMNAS
100
AcDbVertex
100
AcDb3dPolylineVertex
 10
20.0
 20
39.8
 30
0.0
 70
32
  0
VERTEX
  5
232
330
17
100
AcDbEntity
  8
3D_ESTRUCTURA_COLUMNAS
100
AcDbVertex
100
AcDb3dPolylineVertex
 10
20.4
 20
39.8
 30
0.0
 70
32
  0
VERTEX
  5
233
330
17
100
AcDbEntity
  8
3D_ESTRUCTURA_COLUMNAS
100
AcDbVertex
100
AcDb3dPolylineVertex
 10
20.4
 20
40.199999999999996
 30
0.0
 70
32
  0
VERTEX
  5
234
330
17
100
AcDbEntity
  8
3D_ESTRUCTURA_COLUMNAS
100
AcDbVertex
100
AcDb3dPolylineVertex
 10
20.0
 20
40.199999999999996
 30
0.0
 70
32
  0
VERTEX
  5
235
330
17
100
AcDbEntity
  8
3D_ESTRUCTURA_COLUMNAS
100
AcDbVertex
100
AcDb3dPolylineVertex
 10
20.0
 20
39.8
 30
0.0
 70
32
  0
SEQEND
  5
230
330
22F
100
AcDbEntity
  8
3D_ESTRUCTURA_COLUMNAS
  0
POLYLINE
  5
236
330
17
100
AcDbEntity
  8
3D_ESTRUCTURA_COLUMNAS
100
AcDb3dPolyline
 66
1
 10
0.0
 20
0.0
 30
0.0
 70
8
  0
VERTEX
  5
238
330
17
100
AcDbEntity
  8
3D_ESTRUCTURA_COLUMNAS
100
AcDbVertex
100
AcDb3dPolylineVertex
 10
20.0
 20
39.8
 30
8.0
 70
32
  0
VERTEX
  5
239
330
17
100
AcDbEntity
  8
3D_ESTRUCTURA_COLUMNAS
100
AcDbVertex
100
AcDb3dPolylineVertex
 10
20.4
 20
39.8
 30
8.0
 70
32
  0
VERTEX
  5
23A
330
17
100
AcDbEntity
  8
3D_ESTRUCTURA_COLUMNAS
100
AcDbVertex
100
AcDb3dPolylineVertex
 10
20.4
 20
40.199999999999996
 30
8.0
 70
32
  0
VERTEX
  5
23B
330
17
100
AcDbEntity
  8
3D_ESTRUCTURA_COLUMNAS
100
AcDbVertex
100
AcDb3dPolylineVertex
 10
20.0
 20
40.199999999999996
 30
8.0
 70
32
  0
VERTEX
  5
23C
330
17
100
AcDbEntity
  8
3D_ESTRUCTURA_COLUMNAS
100
AcDbVertex
100
AcDb3dPolylineVertex
 10
20.0
 20
39.8
 30
8.0
 70
32
  0
SEQEND
  5
237
330
236
100
AcDbEntity
  8
3D_ESTRUCTURA_COLUMNAS
  0
LINE
  5
23D
330
17
100
AcDbEntity
  8
3D_ESTRUCTURA_COLUMNAS
100
AcDbLine
 10
20.0
 20
39.8
 30
0.0
 11
20.0
 21
39.8
 31
8.0
  0
LINE
  5
23E
330
17
100
AcDbEntity
  8
3D_ESTRUCTURA_COLUMNAS
100
AcDbLine
 10
20.4
 20
39.8
 30
0.0
 11
20.4
 21
39.8
 31
8.0
  0
LINE
  5
23F
330
17
100
AcDbEntity
  8
3D_ESTRUCTURA_COLUMNAS
100
AcDbLine
 10
20.4
 20
40.199999999999996
 30
0.0
 11
20.4
 21
40.199999999999996
 31
8.0
  0
LINE
  5
240
330
17
100
AcDbEntity
  8
3D_ESTRUCTURA_COLUMNAS
100
AcDbLine
 10
20.0
 20
40.199999999999996
 30
0.0
 11
20.0
 21
40.199999999999996
 31
8.0
  0
LINE
  5
241
330
17
100
AcDbEntity
  8
3D_ESTRUCTURA_TIJERALES
100
AcDbLine
 10
0.0
 20
40.0
 30
8.0
 11
20.0
 21
40.0
 31
8.0
  0
LINE
  5
242
330
17
100
AcDbEntity
  8
3D_ESTRUCTURA_TIJERALES
100
AcDbLine
 10
0.0
 20
40.0
 30
9.2
 11
10.0
 21
40.0
 31
10.0
  0
LINE
  5
243
330
17
100
AcDbEntity
  8
3D_ESTRUCTURA_TIJERALES
100
AcDbLine
 10
10.0
 20
40.0
 30
10.0
 11
20.0
 21
40.0
 31
9.2
  0
LINE
  5
244
330
17
100
AcDbEntity
  8
3D_ESTRUCTURA_TIJERALES
100
AcDbLine
 10
0.0
 20
40.0
 30
8.0
 11
2.0
 21
40.0
 31
9.2
  0
LINE
  5
245
330
17
100
AcDbEntity
  8
3D_ESTRUCTURA_TIJERALES
100
AcDbLine
 10
2.0
 20
40.0
 30
9.2
 11
4.0
 21
40.0
 31
8.0
  0
LINE
  5
246
330
17
100
AcDbEntity
  8
3D_ESTRUCTURA_TIJERALES
100
AcDbLine
 10
4.0
 20
40.0
 30
8.0
 11
6.0
 21
40.0
 31
9.2
  0
LINE
  5
247
330
17
100
AcDbEntity
  8
3D_ESTRUCTURA_TIJERALES
100
AcDbLine
 10
6.0
 20
40.0
 30
9.2
 11
8.0
 21
40.0
 31
8.0
  0
LINE
  5
248
330
17
100
AcDbEntity
  8
3D_ESTRUCTURA_TIJERALES
100
AcDbLine
 10
8.0
 20
40.0
 30
8.0
 11
10.0
 21
40.0
 31
9.2
  0
LINE
  5
249
330
17
100
AcDbEntity
  8
3D_ESTRUCTURA_TIJERALES
100
AcDbLine
 10
10.0
 20
40.0
 30
9.2
 11
12.0
 21
40.0
 31
8.0
  0
LINE
  5
24A
330
17
100
AcDbEntity
  8
3D_ESTRUCTURA_TIJERALES
100
AcDbLine
 10
12.0
 20
40.0
 30
8.0
 11
14.0
 21
40.0
 31
9.2
  0
LINE
  5
24B
330
17
100
AcDbEntity
  8
3D_ESTRUCTURA_TIJERALES
100
AcDbLine
 10
14.0
 20
40.0
 30
9.2
 11
16.0
 21
40.0
 31
8.0
  0
LINE
  5
24C
330
17
100
AcDbEntity
  8
3D_ESTRUCTURA_TIJERALES
100
AcDbLine
 10
16.0
 20
40.0
 30
8.0
 11
18.0
 21
40.0
 31
9.2
  0
LINE
  5
24D
330
17
100
AcDbEntity
  8
3D_ESTRUCTURA_TIJERALES
100
AcDbLine
 10
18.0
 20
40.0
 30
9.2
 11
20.0
 21
40.0
 31
8.0
  0
POLYLINE
  5
24E
330
17
100
AcDbEntity
  8
3D_MUROS
100
AcDb3dPolyline
 66
1
 10
0.0
 20
0.0
 30
0.0
 70
8
  0
VERTEX
  5
250
330
17
100
AcDbEntity
  8
3D_MUROS
100
AcDbVertex
100
AcDb3dPolylineVertex
 10
-0.25
 20
-0.25
 30
0.0
 70
32
  0
VERTEX
  5
251
330
17
100
AcDbEntity
  8
3D_MUROS
100
AcDbVertex
100
AcDb3dPolylineVertex
 10
20.25
 20
-0.25
 30
0.0
 70
32
  0
VERTEX
  5
252
330
17
100
AcDbEntity
  8
3D_MUROS
100
AcDbVertex
100
AcDb3dPolylineVertex
 10
20.25
 20
0.0
 30
0.0
 70
32
  0
VERTEX
  5
253
330
17
100
AcDbEntity
  8
3D_MUROS
100
AcDbVertex
100
AcDb3dPolylineVertex
 10
-0.25
 20
0.0
 30
0.0
 70
32
  0
VERTEX
  5
254
330
17
100
AcDbEntity
  8
3D_MUROS
100
AcDbVertex
100
AcDb3dPolylineVertex
 10
-0.25
 20
-0.25
 30
0.0
 70
32
  0
SEQEND
  5
24F
330
24E
100
AcDbEntity
  8
3D_MUROS
  0
POLYLINE
  5
255
330
17
100
AcDbEntity
  8
3D_MUROS
100
AcDb3dPolyline
 66
1
 10
0.0
 20
0.0
 30
0.0
 70
8
  0
VERTEX
  5
257
330
17
100
AcDbEntity
  8
3D_MUROS
100
AcDbVertex
100
AcDb3dPolylineVertex
 10
-0.25
 20
-0.25
 30
4.0
 70
32
  0
VERTEX
  5
258
330
17
100
AcDbEntity
  8
3D_MUROS
100
AcDbVertex
100
AcDb3dPolylineVertex
 10
20.25
 20
-0.25
 30
4.0
 70
32
  0
VERTEX
  5
259
330
17
100
AcDbEntity
  8
3D_MUROS
100
AcDbVertex
100
AcDb3dPolylineVertex
 10
20.25
 20
0.0
 30
4.0
 70
32
  0
VERTEX
  5
25A
330
17
100
AcDbEntity
  8
3D_MUROS
100
AcDbVertex
100
AcDb3dPolylineVertex
 10
-0.25
 20
0.0
 30
4.0
 70
32
  0
VERTEX
  5
25B
330
17
100
AcDbEntity
  8
3D_MUROS
100
AcDbVertex
100
AcDb3dPolylineVertex
 10
-0.25
 20
-0.25
 30
4.0
 70
32
  0
SEQEND
  5
256
330
255
100
AcDbEntity
  8
3D_MUROS
  0
LINE
  5
25C
330
17
100
AcDbEntity
  8
3D_MUROS
100
AcDbLine
 10
-0.25
 20
-0.25
 30
0.0
 11
-0.25
 21
-0.25
 31
4.0
  0
LINE
  5
25D
330
17
100
AcDbEntity
  8
3D_MUROS
100
AcDbLine
 10
20.25
 20
-0.25
 30
0.0
 11
20.25
 21
-0.25
 31
4.0
  0
LINE
  5
25E
330
17
100
AcDbEntity
  8
3D_MUROS
100
AcDbLine
 10
20.25
 20
0.0
 30
0.0
 11
20.25
 21
0.0
 31
4.0
  0
LINE
  5
25F
330
17
100
AcDbEntity
  8
3D_MUROS
100
AcDbLine
 10
-0.25
 20
0.0
 30
0.0
 11
-0.25
 21
0.0
 31
4.0
  0
POLYLINE
  5
260
330
17
100
AcDbEntity
  8
3D_MUROS
100
AcDb3dPolyline
 66
1
 10
0.0
 20
0.0
 30
0.0
 70
8
  0
VERTEX
  5
262
330
17
100
AcDbEntity
  8
3D_MUROS
100
AcDbVertex
100
AcDb3dPolylineVertex
 10
-0.25
 20
40.0
 30
0.0
 70
32
  0
VERTEX
  5
263
330
17
100
AcDbEntity
  8
3D_MUROS
100
AcDbVertex
100
AcDb3dPolylineVertex
 10
20.25
 20
40.0
 30
0.0
 70
32
  0
VERTEX
  5
264
330
17
100
AcDbEntity
  8
3D_MUROS
100
AcDbVertex
100
AcDb3dPolylineVertex
 10
20.25
 20
40.25
 30
0.0
 70
32
  0
VERTEX
  5
265
330
17
100
AcDbEntity
  8
3D_MUROS
100
AcDbVertex
100
AcDb3dPolylineVertex
 10
-0.25
 20
40.25
 30
0.0
 70
32
  0
VERTEX
  5
266
330
17
100
AcDbEntity
  8
3D_MUROS
100
AcDbVertex
100
AcDb3dPolylineVertex
 10
-0.25
 20
40.0
 30
0.0
 70
32
  0
SEQEND
  5
261
330
260
100
AcDbEntity
  8
3D_MUROS
  0
POLYLINE
  5
267
330
17
100
AcDbEntity
  8
3D_MUROS
100
AcDb3dPolyline
 66
1
 10
0.0
 20
0.0
 30
0.0
 70
8
  0
VERTEX
  5
269
330
17
100
AcDbEntity
  8
3D_MUROS
100
AcDbVertex
100
AcDb3dPolylineVertex
 10
-0.25
 20
40.0
 30
4.0
 70
32
  0
VERTEX
  5
26A
330
17
100
AcDbEntity
  8
3D_MUROS
100
AcDbVertex
100
AcDb3dPolylineVertex
 10
20.25
 20
40.0
 30
4.0
 70
32
  0
VERTEX
  5
26B
330
17
100
AcDbEntity
  8
3D_MUROS
100
AcDbVertex
100
AcDb3dPolylineVertex
 10
20.25
 20
40.25
 30
4.0
 70
32
  0
VERTEX
  5
26C
330
17
100
AcDbEntity
  8
3D_MUROS
100
AcDbVertex
100
AcDb3dPolylineVertex
 10
-0.25
 20
40.25
 30
4.0
 70
32
  0
VERTEX
  5
26D
330
17
100
AcDbEntity
  8
3D_MUROS
100
AcDbVertex
100
AcDb3dPolylineVertex
 10
-0.25
 20
40.0
 30
4.0
 70
32
  0
SEQEND
  5
268
330
267
100
AcDbEntity
  8
3D_MUROS
  0
LINE
  5
26E
330
17
100
AcDbEntity
  8
3D_MUROS
100
AcDbLine
 10
-0.25
 20
40.0
 30
0.0
 11
-0.25
 21
40.0
 31
4.0
  0
LINE
  5
26F
330
17
100
AcDbEntity
  8
3D_MUROS
100
AcDbLine
 10
20.25
 20
40.0
 30
0.0
 11
20.25
 21
40.0
 31
4.0
  0
LINE
  5
270
330
17
100
AcDbEntity
  8
3D_MUROS
100
AcDbLine
 10
20.25
 20
40.25
 30
0.0
 11
20.25
 21
40.25
 31
4.0
  0
LINE
  5
271
330
17
100
AcDbEntity
  8
3D_MUROS
100
AcDbLine
 10
-0.25
 20
40.25
 30
0.0
 11
-0.25
 21
40.25
 31
4.0
  0
POLYLINE
  5
272
330
17
100
AcDbEntity
  8
3D_MUROS
100
AcDb3dPolyline
 66
1
 10
0.0
 20
0.0
 30
0.0
 70
8
  0
VERTEX
  5
274
330
17
100
AcDbEntity
  8
3D_MUROS
100
AcDbVertex
100
AcDb3dPolylineVertex
 10
-0.25
 20
0.0
 30
0.0
 70
32
  0
VERTEX
  5
275
330
17
100
AcDbEntity
  8
3D_MUROS
100
AcDbVertex
100
AcDb3dPolylineVertex
 10
0.0
 20
0.0
 30
0.0
 70
32
  0
VERTEX
  5
276
330
17
100
AcDbEntity
  8
3D_MUROS
100
AcDbVertex
100
AcDb3dPolylineVertex
 10
0.0
 20
40.0
 30
0.0
 70
32
  0
VERTEX
  5
277
330
17
100
AcDbEntity
  8
3D_MUROS
100
AcDbVertex
100
AcDb3dPolylineVertex
 10
-0.25
 20
40.0
 30
0.0
 70
32
  0
VERTEX
  5
278
330
17
100
AcDbEntity
  8
3D_MUROS
100
AcDbVertex
100
AcDb3dPolylineVertex
 10
-0.25
 20
0.0
 30
0.0
 70
32
  0
SEQEND
  5
273
330
272
100
AcDbEntity
  8
3D_MUROS
  0
POLYLINE
  5
279
330
17
100
AcDbEntity
  8
3D_MUROS
100
AcDb3dPolyline
 66
1
 10
0.0
 20
0.0
 30
0.0
 70
8
  0
VERTEX
  5
27B
330
17
100
AcDbEntity
  8
3D_MUROS
100
AcDbVertex
100
AcDb3dPolylineVertex
 10
-0.25
 20
0.0
 30
4.0
 70
32
  0
VERTEX
  5
27C
330
17
100
AcDbEntity
  8
3D_MUROS
100
AcDbVertex
100
AcDb3dPolylineVertex
 10
0.0
 20
0.0
 30
4.0
 70
32
  0
VERTEX
  5
27D
330
17
100
AcDbEntity
  8
3D_MUROS
100
AcDbVertex
100
AcDb3dPolylineVertex
 10
0.0
 20
40.0
 30
4.0
 70
32
  0
VERTEX
  5
27E
330
17
100
AcDbEntity
  8
3D_MUROS
100
AcDbVertex
100
AcDb3dPolylineVertex
 10
-0.25
 20
40.0
 30
4.0
 70
32
  0
VERTEX
  5
27F
330
17
100
AcDbEntity
  8
3D_MUROS
100
AcDbVertex
100
AcDb3dPolylineVertex
 10
-0.25
 20
0.0
 30
4.0
 70
32
  0
SEQEND
  5
27A
330
279
100
AcDbEntity
  8
3D_MUROS
  0
LINE
  5
280
330
17
100
AcDbEntity
  8
3D_MUROS
100
AcDbLine
 10
-0.25
 20
0.0
 30
0.0
 11
-0.25
 21
0.0
 31
4.0
  0
LINE
  5
281
330
17
100
AcDbEntity
  8
3D_MUROS
100
AcDbLine
 10
0.0
 20
0.0
 30
0.0
 11
0.0
 21
0.0
 31
4.0
  0
LINE
  5
282
330
17
100
AcDbEntity
  8
3D_MUROS
100
AcDbLine
 10
0.0
 20
40.0
 30
0.0
 11
0.0
 21
40.0
 31
4.0
  0
LINE
  5
283
330
17
100
AcDbEntity
  8
3D_MUROS
100
AcDbLine
 10
-0.25
 20
40.0
 30
0.0
 11
-0.25
 21
40.0
 31
4.0
  0
POLYLINE
  5
284
330
17
100
AcDbEntity
  8
3D_MUROS
100
AcDb3dPolyline
 66
1
 10
0.0
 20
0.0
 30
0.0
 70
8
  0
VERTEX
  5
286
330
17
100
AcDbEntity
  8
3D_MUROS
100
AcDbVertex
100
AcDb3dPolylineVertex
 10
20.0
 20
0.0
 30
0.0
 70
32
  0
VERTEX
  5
287
330
17
100
AcDbEntity
  8
3D_MUROS
100
AcDbVertex
100
AcDb3dPolylineVertex
 10
20.25
 20
0.0
 30
0.0
 70
32
  0
VERTEX
  5
288
330
17
100
AcDbEntity
  8
3D_MUROS
100
AcDbVertex
100
AcDb3dPolylineVertex
 10
20.25
 20
40.0
 30
0.0
 70
32
  0
VERTEX
  5
289
330
17
100
AcDbEntity
  8
3D_MUROS
100
AcDbVertex
100
AcDb3dPolylineVertex
 10
20.0
 20
40.0
 30
0.0
 70
32
  0
VERTEX
  5
28A
330
17
100
AcDbEntity
  8
3D_MUROS
100
AcDbVertex
100
AcDb3dPolylineVertex
 10
20.0
 20
0.0
 30
0.0
 70
32
  0
SEQEND
  5
285
330
284
100
AcDbEntity
  8
3D_MUROS
  0
POLYLINE
  5
28B
330
17
100
AcDbEntity
  8
3D_MUROS
100
AcDb3dPolyline
 66
1
 10
0.0
 20
0.0
 30
0.0
 70
8
  0
VERTEX
  5
28D
330
17
100
AcDbEntity
  8
3D_MUROS
100
AcDbVertex
100
AcDb3dPolylineVertex
 10
20.0
 20
0.0
 30
4.0
 70
32
  0
VERTEX
  5
28E
330
17
100
AcDbEntity
  8
3D_MUROS
100
AcDbVertex
100
AcDb3dPolylineVertex
 10
20.25
 20
0.0
 30
4.0
 70
32
  0
VERTEX
  5
28F
330
17
100
AcDbEntity
  8
3D_MUROS
100
AcDbVertex
100
AcDb3dPolylineVertex
 10
20.25
 20
40.0
 30
4.0
 70
32
  0
VERTEX
  5
290
330
17
100
AcDbEntity
  8
3D_MUROS
100
AcDbVertex
100
AcDb3dPolylineVertex
 10
20.0
 20
40.0
 30
4.0
 70
32
  0
VERTEX
  5
291
330
17
100
AcDbEntity
  8
3D_MUROS
100
AcDbVertex
100
AcDb3dPolylineVertex
 10
20.0
 20
0.0
 30
4.0
 70
32
  0
SEQEND
  5
28C
330
28B
100
AcDbEntity
  8
3D_MUROS
  0
LINE
  5
292
330
17
100
AcDbEntity
  8
3D_MUROS
100
AcDbLine
 10
20.0
 20
0.0
 30
0.0
 11
20.0
 21
0.0
 31
4.0
  0
LINE
  5
293
330
17
100
AcDbEntity
  8
3D_MUROS
100
AcDbLine
 10
20.25
 20
0.0
 30
0.0
 11
20.25
 21
0.0
 31
4.0
  0
LINE
  5
294
330
17
100
AcDbEntity
  8
3D_MUROS
100
AcDbLine
 10
20.25
 20
40.0
 30
0.0
 11
20.25
 21
40.0
 31
4.0
  0
LINE
  5
295
330
17
100
AcDbEntity
  8
3D_MUROS
100
AcDbLine
 10
20.0
 20
40.0
 30
0.0
 11
20.0
 21
40.0
 31
4.0
  0
POLYLINE
  5
296
330
17
100
AcDbEntity
  8
3D_BANDEJA_PORTACABLES
100
AcDb3dPolyline
 66
1
 10
0.0
 20
0.0
 30
0.0
 70
8
  0
VERTEX
  5
298
330
17
100
AcDbEntity
  8
3D_BANDEJA_PORTACABLES
100
AcDbVertex
100
AcDb3dPolylineVertex
 10
9.8
 20
5.0
 30
6.5
 70
32
  0
VERTEX
  5
299
330
17
100
AcDbEntity
  8
3D_BANDEJA_PORTACABLES
100
AcDbVertex
100
AcDb3dPolylineVertex
 10
10.200000000000001
 20
5.0
 30
6.5
 70
32
  0
VERTEX
  5
29A
330
17
100
AcDbEntity
  8
3D_BANDEJA_PORTACABLES
100
AcDbVertex
100
AcDb3dPolylineVertex
 10
10.200000000000001
 20
39.0
 30
6.5
 70
32
  0
VERTEX
  5
29B
330
17
100
AcDbEntity
  8
3D_BANDEJA_PORTACABLES
100
AcDbVertex
100
AcDb3dPolylineVertex
 10
9.8
 20
39.0
 30
6.5
 70
32
  0
VERTEX
  5
29C
330
17
100
AcDbEntity
  8
3D_BANDEJA_PORTACABLES
100
AcDbVertex
100
AcDb3dPolylineVertex
 10
9.8
 20
5.0
 30
6.5
 70
32
  0
SEQEND
  5
297
330
296
100
AcDbEntity
  8
3D_BANDEJA_PORTACABLES
  0
POLYLINE
  5
29D
330
17
100
AcDbEntity
  8
3D_BANDEJA_PORTACABLES
100
AcDb3dPolyline
 66
1
 10
0.0
 20
0.0
 30
0.0
 70
8
  0
VERTEX
  5
29F
330
17
100
AcDbEntity
  8
3D_BANDEJA_PORTACABLES
100
AcDbVertex
100
AcDb3dPolylineVertex
 10
9.8
 20
5.0
 30
6.6
 70
32
  0
VERTEX
  5
2A0
330
17
100
AcDbEntity
  8
3D_BANDEJA_PORTACABLES
100
AcDbVertex
100
AcDb3dPolylineVertex
 10
10.200000000000001
 20
5.0
 30
6.6
 70
32
  0
VERTEX
  5
2A1
330
17
100
AcDbEntity
  8
3D_BANDEJA_PORTACABLES
100
AcDbVertex
100
AcDb3dPolylineVertex
 10
10.200000000000001
 20
39.0
 30
6.6
 70
32
  0
VERTEX
  5
2A2
330
17
100
AcDbEntity
  8
3D_BANDEJA_PORTACABLES
100
AcDbVertex
100
AcDb3dPolylineVertex
 10
9.8
 20
39.0
 30
6.6
 70
32
  0
VERTEX
  5
2A3
330
17
100
AcDbEntity
  8
3D_BANDEJA_PORTACABLES
100
AcDbVertex
100
AcDb3dPolylineVertex
 10
9.8
 20
5.0
 30
6.6
 70
32
  0
SEQEND
  5
29E
330
29D
100
AcDbEntity
  8
3D_BANDEJA_PORTACABLES
  0
LINE
  5
2A4
330
17
100
AcDbEntity
  8
3D_BANDEJA_PORTACABLES
100
AcDbLine
 10
9.8
 20
5.0
 30
6.5
 11
9.8
 21
5.0
 31
6.6
  0
LINE
  5
2A5
330
17
100
AcDbEntity
  8
3D_BANDEJA_PORTACABLES
100
AcDbLine
 10
10.200000000000001
 20
5.0
 30
6.5
 11
10.200000000000001
 21
5.0
 31
6.6
  0
LINE
  5
2A6
330
17
100
AcDbEntity
  8
3D_BANDEJA_PORTACABLES
100
AcDbLine
 10
10.200000000000001
 20
39.0
 30
6.5
 11
10.200000000000001
 21
39.0
 31
6.6
  0
LINE
  5
2A7
330
17
100
AcDbEntity
  8
3D_BANDEJA_PORTACABLES
100
AcDbLine
 10
9.8
 20
39.0
 30
6.5
 11
9.8
 21
39.0
 31
6.6
  0
LINE
  5
2A8
330
17
100
AcDbEntity
  8
3D_BANDEJA_PORTACABLES
100
AcDbLine
 10
9.8
 20
5.0
 30
6.5
 11
9.8
 21
5.0
 31
8.0
  0
LINE
  5
2A9
330
17
100
AcDbEntity
  8
3D_BANDEJA_PORTACABLES
100
AcDbLine
 10
10.2
 20
5.0
 30
6.5
 11
10.2
 21
5.0
 31
8.0
  0
LINE
  5
2AA
330
17
100
AcDbEntity
  8
3D_BANDEJA_PORTACABLES
100
AcDbLine
 10
9.8
 20
10.0
 30
6.5
 11
9.8
 21
10.0
 31
8.0
  0
LINE
  5
2AB
330
17
100
AcDbEntity
  8
3D_BANDEJA_PORTACABLES
100
AcDbLine
 10
10.2
 20
10.0
 30
6.5
 11
10.2
 21
10.0
 31
8.0
  0
LINE
  5
2AC
330
17
100
AcDbEntity
  8
3D_BANDEJA_PORTACABLES
100
AcDbLine
 10
9.8
 20
15.0
 30
6.5
 11
9.8
 21
15.0
 31
8.0
  0
LINE
  5
2AD
330
17
100
AcDbEntity
  8
3D_BANDEJA_PORTACABLES
100
AcDbLine
 10
10.2
 20
15.0
 30
6.5
 11
10.2
 21
15.0
 31
8.0
  0
LINE
  5
2AE
330
17
100
AcDbEntity
  8
3D_BANDEJA_PORTACABLES
100
AcDbLine
 10
9.8
 20
20.0
 30
6.5
 11
9.8
 21
20.0
 31
8.0
  0
LINE
  5
2AF
330
17
100
AcDbEntity
  8
3D_BANDEJA_PORTACABLES
100
AcDbLine
 10
10.2
 20
20.0
 30
6.5
 11
10.2
 21
20.0
 31
8.0
  0
LINE
  5
2B0
330
17
100
AcDbEntity
  8
3D_BANDEJA_PORTACABLES
100
AcDbLine
 10
9.8
 20
25.0
 30
6.5
 11
9.8
 21
25.0
 31
8.0
  0
LINE
  5
2B1
330
17
100
AcDbEntity
  8
3D_BANDEJA_PORTACABLES
100
AcDbLine
 10
10.2
 20
25.0
 30
6.5
 11
10.2
 21
25.0
 31
8.0
  0
LINE
  5
2B2
330
17
100
AcDbEntity
  8
3D_BANDEJA_PORTACABLES
100
AcDbLine
 10
9.8
 20
30.0
 30
6.5
 11
9.8
 21
30.0
 31
8.0
  0
LINE
  5
2B3
330
17
100
AcDbEntity
  8
3D_BANDEJA_PORTACABLES
100
AcDbLine
 10
10.2
 20
30.0
 30
6.5
 11
10.2
 21
30.0
 31
8.0
  0
LINE
  5
2B4
330
17
100
AcDbEntity
  8
3D_BANDEJA_PORTACABLES
100
AcDbLine
 10
9.8
 20
35.0
 30
6.5
 11
9.8
 21
35.0
 31
8.0
  0
LINE
  5
2B5
330
17
100
AcDbEntity
  8
3D_BANDEJA_PORTACABLES
100
AcDbLine
 10
10.2
 20
35.0
 30
6.5
 11
10.2
 21
35.0
 31
8.0
  0
POLYLINE
  5
2B6
330
17
100
AcDbEntity
  8
3D_LUMINARIAS_HIGHBAY
100
AcDb3dPolyline
 66
1
 10
0.0
 20
0.0
 30
0.0
 70
8
  0
VERTEX
  5
2B8
330
17
100
AcDbEntity
  8
3D_LUMINARIAS_HIGHBAY
100
AcDbVertex
100
AcDb3dPolylineVertex
 10
3.15
 20
6.65
 30
7.5
 70
32
  0
VERTEX
  5
2B9
330
17
100
AcDbEntity
  8
3D_LUMINARIAS_HIGHBAY
100
AcDbVertex
100
AcDb3dPolylineVertex
 10
3.8499999999999996
 20
6.65
 30
7.5
 70
32
  0
VERTEX
  5
2BA
330
17
100
AcDbEntity
  8
3D_LUMINARIAS_HIGHBAY
100
AcDbVertex
100
AcDb3dPolylineVertex
 10
3.8499999999999996
 20
7.3500000000000005
 30
7.5
 70
32
  0
VERTEX
  5
2BB
330
17
100
AcDbEntity
  8
3D_LUMINARIAS_HIGHBAY
100
AcDbVertex
100
AcDb3dPolylineVertex
 10
3.15
 20
7.3500000000000005
 30
7.5
 70
32
  0
VERTEX
  5
2BC
330
17
100
AcDbEntity
  8
3D_LUMINARIAS_HIGHBAY
100
AcDbVertex
100
AcDb3dPolylineVertex
 10
3.15
 20
6.65
 30
7.5
 70
32
  0
SEQEND
  5
2B7
330
2B6
100
AcDbEntity
  8
3D_LUMINARIAS_HIGHBAY
  0
POLYLINE
  5
2BD
330
17
100
AcDbEntity
  8
3D_LUMINARIAS_HIGHBAY
100
AcDb3dPolyline
 66
1
 10
0.0
 20
0.0
 30
0.0
 70
8
  0
VERTEX
  5
2BF
330
17
100
AcDbEntity
  8
3D_LUMINARIAS_HIGHBAY
100
AcDbVertex
100
AcDb3dPolylineVertex
 10
3.15
 20
6.65
 30
7.7
 70
32
  0
VERTEX
  5
2C0
330
17
100
AcDbEntity
  8
3D_LUMINARIAS_HIGHBAY
100
AcDbVertex
100
AcDb3dPolylineVertex
 10
3.8499999999999996
 20
6.65
 30
7.7
 70
32
  0
VERTEX
  5
2C1
330
17
100
AcDbEntity
  8
3D_LUMINARIAS_HIGHBAY
100
AcDbVertex
100
AcDb3dPolylineVertex
 10
3.8499999999999996
 20
7.3500000000000005
 30
7.7
 70
32
  0
VERTEX
  5
2C2
330
17
100
AcDbEntity
  8
3D_LUMINARIAS_HIGHBAY
100
AcDbVertex
100
AcDb3dPolylineVertex
 10
3.15
 20
7.3500000000000005
 30
7.7
 70
32
  0
VERTEX
  5
2C3
330
17
100
AcDbEntity
  8
3D_LUMINARIAS_HIGHBAY
100
AcDbVertex
100
AcDb3dPolylineVertex
 10
3.15
 20
6.65
 30
7.7
 70
32
  0
SEQEND
  5
2BE
330
2BD
100
AcDbEntity
  8
3D_LUMINARIAS_HIGHBAY
  0
LINE
  5
2C4
330
17
100
AcDbEntity
  8
3D_LUMINARIAS_HIGHBAY
100
AcDbLine
 10
3.15
 20
6.65
 30
7.5
 11
3.15
 21
6.65
 31
7.7
  0
LINE
  5
2C5
330
17
100
AcDbEntity
  8
3D_LUMINARIAS_HIGHBAY
100
AcDbLine
 10
3.8499999999999996
 20
6.65
 30
7.5
 11
3.8499999999999996
 21
6.65
 31
7.7
  0
LINE
  5
2C6
330
17
100
AcDbEntity
  8
3D_LUMINARIAS_HIGHBAY
100
AcDbLine
 10
3.8499999999999996
 20
7.3500000000000005
 30
7.5
 11
3.8499999999999996
 21
7.3500000000000005
 31
7.7
  0
LINE
  5
2C7
330
17
100
AcDbEntity
  8
3D_LUMINARIAS_HIGHBAY
100
AcDbLine
 10
3.15
 20
7.3500000000000005
 30
7.5
 11
3.15
 21
7.3500000000000005
 31
7.7
  0
LINE
  5
2C8
330
17
100
AcDbEntity
  8
3D_LUMINARIAS_HIGHBAY
100
AcDbLine
 10
3.5
 20
7.0
 30
7.7
 11
3.5
 21
7.0
 31
8.0
  0
POLYLINE
  5
2C9
330
17
100
AcDbEntity
  8
3D_LUMINARIAS_HIGHBAY
100
AcDb3dPolyline
 66
1
 10
0.0
 20
0.0
 30
0.0
 70
8
  0
VERTEX
  5
2CB
330
17
100
AcDbEntity
  8
3D_LUMINARIAS_HIGHBAY
100
AcDbVertex
100
AcDb3dPolylineVertex
 10
3.15
 20
10.65
 30
7.5
 70
32
  0
VERTEX
  5
2CC
330
17
100
AcDbEntity
  8
3D_LUMINARIAS_HIGHBAY
100
AcDbVertex
100
AcDb3dPolylineVertex
 10
3.8499999999999996
 20
10.65
 30
7.5
 70
32
  0
VERTEX
  5
2CD
330
17
100
AcDbEntity
  8
3D_LUMINARIAS_HIGHBAY
100
AcDbVertex
100
AcDb3dPolylineVertex
 10
3.8499999999999996
 20
11.35
 30
7.5
 70
32
  0
VERTEX
  5
2CE
330
17
100
AcDbEntity
  8
3D_LUMINARIAS_HIGHBAY
100
AcDbVertex
100
AcDb3dPolylineVertex
 10
3.15
 20
11.35
 30
7.5
 70
32
  0
VERTEX
  5
2CF
330
17
100
AcDbEntity
  8
3D_LUMINARIAS_HIGHBAY
100
AcDbVertex
100
AcDb3dPolylineVertex
 10
3.15
 20
10.65
 30
7.5
 70
32
  0
SEQEND
  5
2CA
330
2C9
100
AcDbEntity
  8
3D_LUMINARIAS_HIGHBAY
  0
POLYLINE
  5
2D0
330
17
100
AcDbEntity
  8
3D_LUMINARIAS_HIGHBAY
100
AcDb3dPolyline
 66
1
 10
0.0
 20
0.0
 30
0.0
 70
8
  0
VERTEX
  5
2D2
330
17
100
AcDbEntity
  8
3D_LUMINARIAS_HIGHBAY
100
AcDbVertex
100
AcDb3dPolylineVertex
 10
3.15
 20
10.65
 30
7.7
 70
32
  0
VERTEX
  5
2D3
330
17
100
AcDbEntity
  8
3D_LUMINARIAS_HIGHBAY
100
AcDbVertex
100
AcDb3dPolylineVertex
 10
3.8499999999999996
 20
10.65
 30
7.7
 70
32
  0
VERTEX
  5
2D4
330
17
100
AcDbEntity
  8
3D_LUMINARIAS_HIGHBAY
100
AcDbVertex
100
AcDb3dPolylineVertex
 10
3.8499999999999996
 20
11.35
 30
7.7
 70
32
  0
VERTEX
  5
2D5
330
17
100
AcDbEntity
  8
3D_LUMINARIAS_HIGHBAY
100
AcDbVertex
100
AcDb3dPolylineVertex
 10
3.15
 20
11.35
 30
7.7
 70
32
  0
VERTEX
  5
2D6
330
17
100
AcDbEntity
  8
3D_LUMINARIAS_HIGHBAY
100
AcDbVertex
100
AcDb3dPolylineVertex
 10
3.15
 20
10.65
 30
7.7
 70
32
  0
SEQEND
  5
2D1
330
2D0
100
AcDbEntity
  8
3D_LUMINARIAS_HIGHBAY
  0
LINE
  5
2D7
330
17
100
AcDbEntity
  8
3D_LUMINARIAS_HIGHBAY
100
AcDbLine
 10
3.15
 20
10.65
 30
7.5
 11
3.15
 21
10.65
 31
7.7
  0
LINE
  5
2D8
330
17
100
AcDbEntity
  8
3D_LUMINARIAS_HIGHBAY
100
AcDbLine
 10
3.8499999999999996
 20
10.65
 30
7.5
 11
3.8499999999999996
 21
10.65
 31
7.7
  0
LINE
  5
2D9
330
17
100
AcDbEntity
  8
3D_LUMINARIAS_HIGHBAY
100
AcDbLine
 10
3.8499999999999996
 20
11.35
 30
7.5
 11
3.8499999999999996
 21
11.35
 31
7.7
  0
LINE
  5
2DA
330
17
100
AcDbEntity
  8
3D_LUMINARIAS_HIGHBAY
100
AcDbLine
 10
3.15
 20
11.35
 30
7.5
 11
3.15
 21
11.35
 31
7.7
  0
LINE
  5
2DB
330
17
100
AcDbEntity
  8
3D_LUMINARIAS_HIGHBAY
100
AcDbLine
 10
3.5
 20
11.0
 30
7.7
 11
3.5
 21
11.0
 31
8.0
  0
POLYLINE
  5
2DC
330
17
100
AcDbEntity
  8
3D_LUMINARIAS_HIGHBAY
100
AcDb3dPolyline
 66
1
 10
0.0
 20
0.0
 30
0.0
 70
8
  0
VERTEX
  5
2DE
330
17
100
AcDbEntity
  8
3D_LUMINARIAS_HIGHBAY
100
AcDbVertex
100
AcDb3dPolylineVertex
 10
3.15
 20
14.65
 30
7.5
 70
32
  0
VERTEX
  5
2DF
330
17
100
AcDbEntity
  8
3D_LUMINARIAS_HIGHBAY
100
AcDbVertex
100
AcDb3dPolylineVertex
 10
3.8499999999999996
 20
14.65
 30
7.5
 70
32
  0
VERTEX
  5
2E0
330
17
100
AcDbEntity
  8
3D_LUMINARIAS_HIGHBAY
100
AcDbVertex
100
AcDb3dPolylineVertex
 10
3.8499999999999996
 20
15.35
 30
7.5
 70
32
  0
VERTEX
  5
2E1
330
17
100
AcDbEntity
  8
3D_LUMINARIAS_HIGHBAY
100
AcDbVertex
100
AcDb3dPolylineVertex
 10
3.15
 20
15.35
 30
7.5
 70
32
  0
VERTEX
  5
2E2
330
17
100
AcDbEntity
  8
3D_LUMINARIAS_HIGHBAY
100
AcDbVertex
100
AcDb3dPolylineVertex
 10
3.15
 20
14.65
 30
7.5
 70
32
  0
SEQEND
  5
2DD
330
2DC
100
AcDbEntity
  8
3D_LUMINARIAS_HIGHBAY
  0
POLYLINE
  5
2E3
330
17
100
AcDbEntity
  8
3D_LUMINARIAS_HIGHBAY
100
AcDb3dPolyline
 66
1
 10
0.0
 20
0.0
 30
0.0
 70
8
  0
VERTEX
  5
2E5
330
17
100
AcDbEntity
  8
3D_LUMINARIAS_HIGHBAY
100
AcDbVertex
100
AcDb3dPolylineVertex
 10
3.15
 20
14.65
 30
7.7
 70
32
  0
VERTEX
  5
2E6
330
17
100
AcDbEntity
  8
3D_LUMINARIAS_HIGHBAY
100
AcDbVertex
100
AcDb3dPolylineVertex
 10
3.8499999999999996
 20
14.65
 30
7.7
 70
32
  0
VERTEX
  5
2E7
330
17
100
AcDbEntity
  8
3D_LUMINARIAS_HIGHBAY
100
AcDbVertex
100
AcDb3dPolylineVertex
 10
3.8499999999999996
 20
15.35
 30
7.7
 70
32
  0
VERTEX
  5
2E8
330
17
100
AcDbEntity
  8
3D_LUMINARIAS_HIGHBAY
100
AcDbVertex
100
AcDb3dPolylineVertex
 10
3.15
 20
15.35
 30
7.7
 70
32
  0
VERTEX
  5
2E9
330
17
100
AcDbEntity
  8
3D_LUMINARIAS_HIGHBAY
100
AcDbVertex
100
AcDb3dPolylineVertex
 10
3.15
 20
14.65
 30
7.7
 70
32
  0
SEQEND
  5
2E4
330
2E3
100
AcDbEntity
  8
3D_LUMINARIAS_HIGHBAY
  0
LINE
  5
2EA
330
17
100
AcDbEntity
  8
3D_LUMINARIAS_HIGHBAY
100
AcDbLine
 10
3.15
 20
14.65
 30
7.5
 11
3.15
 21
14.65
 31
7.7
  0
LINE
  5
2EB
330
17
100
AcDbEntity
  8
3D_LUMINARIAS_HIGHBAY
100
AcDbLine
 10
3.8499999999999996
 20
14.65
 30
7.5
 11
3.8499999999999996
 21
14.65
 31
7.7
  0
LINE
  5
2EC
330
17
100
AcDbEntity
  8
3D_LUMINARIAS_HIGHBAY
100
AcDbLine
 10
3.8499999999999996
 20
15.35
 30
7.5
 11
3.8499999999999996
 21
15.35
 31
7.7
  0
LINE
  5
2ED
330
17
100
AcDbEntity
  8
3D_LUMINARIAS_HIGHBAY
100
AcDbLine
 10
3.15
 20
15.35
 30
7.5
 11
3.15
 21
15.35
 31
7.7
  0
LINE
  5
2EE
330
17
100
AcDbEntity
  8
3D_LUMINARIAS_HIGHBAY
100
AcDbLine
 10
3.5
 20
15.0
 30
7.7
 11
3.5
 21
15.0
 31
8.0
  0
POLYLINE
  5
2EF
330
17
100
AcDbEntity
  8
3D_LUMINARIAS_HIGHBAY
100
AcDb3dPolyline
 66
1
 10
0.0
 20
0.0
 30
0.0
 70
8
  0
VERTEX
  5
2F1
330
17
100
AcDbEntity
  8
3D_LUMINARIAS_HIGHBAY
100
AcDbVertex
100
AcDb3dPolylineVertex
 10
3.15
 20
18.65
 30
7.5
 70
32
  0
VERTEX
  5
2F2
330
17
100
AcDbEntity
  8
3D_LUMINARIAS_HIGHBAY
100
AcDbVertex
100
AcDb3dPolylineVertex
 10
3.8499999999999996
 20
18.65
 30
7.5
 70
32
  0
VERTEX
  5
2F3
330
17
100
AcDbEntity
  8
3D_LUMINARIAS_HIGHBAY
100
AcDbVertex
100
AcDb3dPolylineVertex
 10
3.8499999999999996
 20
19.349999999999998
 30
7.5
 70
32
  0
VERTEX
  5
2F4
330
17
100
AcDbEntity
  8
3D_LUMINARIAS_HIGHBAY
100
AcDbVertex
100
AcDb3dPolylineVertex
 10
3.15
 20
19.349999999999998
 30
7.5
 70
32
  0
VERTEX
  5
2F5
330
17
100
AcDbEntity
  8
3D_LUMINARIAS_HIGHBAY
100
AcDbVertex
100
AcDb3dPolylineVertex
 10
3.15
 20
18.65
 30
7.5
 70
32
  0
SEQEND
  5
2F0
330
2EF
100
AcDbEntity
  8
3D_LUMINARIAS_HIGHBAY
  0
POLYLINE
  5
2F6
330
17
100
AcDbEntity
  8
3D_LUMINARIAS_HIGHBAY
100
AcDb3dPolyline
 66
1
 10
0.0
 20
0.0
 30
0.0
 70
8
  0
VERTEX
  5
2F8
330
17
100
AcDbEntity
  8
3D_LUMINARIAS_HIGHBAY
100
AcDbVertex
100
AcDb3dPolylineVertex
 10
3.15
 20
18.65
 30
7.7
 70
32
  0
VERTEX
  5
2F9
330
17
100
AcDbEntity
  8
3D_LUMINARIAS_HIGHBAY
100
AcDbVertex
100
AcDb3dPolylineVertex
 10
3.8499999999999996
 20
18.65
 30
7.7
 70
32
  0
VERTEX
  5
2FA
330
17
100
AcDbEntity
  8
3D_LUMINARIAS_HIGHBAY
100
AcDbVertex
100
AcDb3dPolylineVertex
 10
3.8499999999999996
 20
19.349999999999998
 30
7.7
 70
32
  0
VERTEX
  5
2FB
330
17
100
AcDbEntity
  8
3D_LUMINARIAS_HIGHBAY
100
AcDbVertex
100
AcDb3dPolylineVertex
 10
3.15
 20
19.349999999999998
 30
7.7
 70
32
  0
VERTEX
  5
2FC
330
17
100
AcDbEntity
  8
3D_LUMINARIAS_HIGHBAY
100
AcDbVertex
100
AcDb3dPolylineVertex
 10
3.15
 20
18.65
 30
7.7
 70
32
  0
SEQEND
  5
2F7
330
2F6
100
AcDbEntity
  8
3D_LUMINARIAS_HIGHBAY
  0
LINE
  5
2FD
330
17
100
AcDbEntity
  8
3D_LUMINARIAS_HIGHBAY
100
AcDbLine
 10
3.15
 20
18.65
 30
7.5
 11
3.15
 21
18.65
 31
7.7
  0
LINE
  5
2FE
330
17
100
AcDbEntity
  8
3D_LUMINARIAS_HIGHBAY
100
AcDbLine
 10
3.8499999999999996
 20
18.65
 30
7.5
 11
3.8499999999999996
 21
18.65
 31
7.7
  0
LINE
  5
2FF
330
17
100
AcDbEntity
  8
3D_LUMINARIAS_HIGHBAY
100
AcDbLine
 10
3.8499999999999996
 20
19.349999999999998
 30
7.5
 11
3.8499999999999996
 21
19.349999999999998
 31
7.7
  0
LINE
  5
300
330
17
100
AcDbEntity
  8
3D_LUMINARIAS_HIGHBAY
100
AcDbLine
 10
3.15
 20
19.349999999999998
 30
7.5
 11
3.15
 21
19.349999999999998
 31
7.7
  0
LINE
  5
301
330
17
100
AcDbEntity
  8
3D_LUMINARIAS_HIGHBAY
100
AcDbLine
 10
3.5
 20
19.0
 30
7.7
 11
3.5
 21
19.0
 31
8.0
  0
POLYLINE
  5
302
330
17
100
AcDbEntity
  8
3D_LUMINARIAS_HIGHBAY
100
AcDb3dPolyline
 66
1
 10
0.0
 20
0.0
 30
0.0
 70
8
  0
VERTEX
  5
304
330
17
100
AcDbEntity
  8
3D_LUMINARIAS_HIGHBAY
100
AcDbVertex
100
AcDb3dPolylineVertex
 10
3.15
 20
22.65
 30
7.5
 70
32
  0
VERTEX
  5
305
330
17
100
AcDbEntity
  8
3D_LUMINARIAS_HIGHBAY
100
AcDbVertex
100
AcDb3dPolylineVertex
 10
3.8499999999999996
 20
22.65
 30
7.5
 70
32
  0
VERTEX
  5
306
330
17
100
AcDbEntity
  8
3D_LUMINARIAS_HIGHBAY
100
AcDbVertex
100
AcDb3dPolylineVertex
 10
3.8499999999999996
 20
23.349999999999998
 30
7.5
 70
32
  0
VERTEX
  5
307
330
17
100
AcDbEntity
  8
3D_LUMINARIAS_HIGHBAY
100
AcDbVertex
100
AcDb3dPolylineVertex
 10
3.15
 20
23.349999999999998
 30
7.5
 70
32
  0
VERTEX
  5
308
330
17
100
AcDbEntity
  8
3D_LUMINARIAS_HIGHBAY
100
AcDbVertex
100
AcDb3dPolylineVertex
 10
3.15
 20
22.65
 30
7.5
 70
32
  0
SEQEND
  5
303
330
302
100
AcDbEntity
  8
3D_LUMINARIAS_HIGHBAY
  0
POLYLINE
  5
309
330
17
100
AcDbEntity
  8
3D_LUMINARIAS_HIGHBAY
100
AcDb3dPolyline
 66
1
 10
0.0
 20
0.0
 30
0.0
 70
8
  0
VERTEX
  5
30B
330
17
100
AcDbEntity
  8
3D_LUMINARIAS_HIGHBAY
100
AcDbVertex
100
AcDb3dPolylineVertex
 10
3.15
 20
22.65
 30
7.7
 70
32
  0
VERTEX
  5
30C
330
17
100
AcDbEntity
  8
3D_LUMINARIAS_HIGHBAY
100
AcDbVertex
100
AcDb3dPolylineVertex
 10
3.8499999999999996
 20
22.65
 30
7.7
 70
32
  0
VERTEX
  5
30D
330
17
100
AcDbEntity
  8
3D_LUMINARIAS_HIGHBAY
100
AcDbVertex
100
AcDb3dPolylineVertex
 10
3.8499999999999996
 20
23.349999999999998
 30
7.7
 70
32
  0
VERTEX
  5
30E
330
17
100
AcDbEntity
  8
3D_LUMINARIAS_HIGHBAY
100
AcDbVertex
100
AcDb3dPolylineVertex
 10
3.15
 20
23.349999999999998
 30
7.7
 70
32
  0
VERTEX
  5
30F
330
17
100
AcDbEntity
  8
3D_LUMINARIAS_HIGHBAY
100
AcDbVertex
100
AcDb3dPolylineVertex
 10
3.15
 20
22.65
 30
7.7
 70
32
  0
SEQEND
  5
30A
330
309
100
AcDbEntity
  8
3D_LUMINARIAS_HIGHBAY
  0
LINE
  5
310
330
17
100
AcDbEntity
  8
3D_LUMINARIAS_HIGHBAY
100
AcDbLine
 10
3.15
 20
22.65
 30
7.5
 11
3.15
 21
22.65
 31
7.7
  0
LINE
  5
311
330
17
100
AcDbEntity
  8
3D_LUMINARIAS_HIGHBAY
100
AcDbLine
 10
3.8499999999999996
 20
22.65
 30
7.5
 11
3.8499999999999996
 21
22.65
 31
7.7
  0
LINE
  5
312
330
17
100
AcDbEntity
  8
3D_LUMINARIAS_HIGHBAY
100
AcDbLine
 10
3.8499999999999996
 20
23.349999999999998
 30
7.5
 11
3.8499999999999996
 21
23.349999999999998
 31
7.7
  0
LINE
  5
313
330
17
100
AcDbEntity
  8
3D_LUMINARIAS_HIGHBAY
100
AcDbLine
 10
3.15
 20
23.349999999999998
 30
7.5
 11
3.15
 21
23.349999999999998
 31
7.7
  0
LINE
  5
314
330
17
100
AcDbEntity
  8
3D_LUMINARIAS_HIGHBAY
100
AcDbLine
 10
3.5
 20
23.0
 30
7.7
 11
3.5
 21
23.0
 31
8.0
  0
POLYLINE
  5
315
330
17
100
AcDbEntity
  8
3D_LUMINARIAS_HIGHBAY
100
AcDb3dPolyline
 66
1
 10
0.0
 20
0.0
 30
0.0
 70
8
  0
VERTEX
  5
317
330
17
100
AcDbEntity
  8
3D_LUMINARIAS_HIGHBAY
100
AcDbVertex
100
AcDb3dPolylineVertex
 10
3.15
 20
26.65
 30
7.5
 70
32
  0
VERTEX
  5
318
330
17
100
AcDbEntity
  8
3D_LUMINARIAS_HIGHBAY
100
AcDbVertex
100
AcDb3dPolylineVertex
 10
3.8499999999999996
 20
26.65
 30
7.5
 70
32
  0
VERTEX
  5
319
330
17
100
AcDbEntity
  8
3D_LUMINARIAS_HIGHBAY
100
AcDbVertex
100
AcDb3dPolylineVertex
 10
3.8499999999999996
 20
27.349999999999998
 30
7.5
 70
32
  0
VERTEX
  5
31A
330
17
100
AcDbEntity
  8
3D_LUMINARIAS_HIGHBAY
100
AcDbVertex
100
AcDb3dPolylineVertex
 10
3.15
 20
27.349999999999998
 30
7.5
 70
32
  0
VERTEX
  5
31B
330
17
100
AcDbEntity
  8
3D_LUMINARIAS_HIGHBAY
100
AcDbVertex
100
AcDb3dPolylineVertex
 10
3.15
 20
26.65
 30
7.5
 70
32
  0
SEQEND
  5
316
330
315
100
AcDbEntity
  8
3D_LUMINARIAS_HIGHBAY
  0
POLYLINE
  5
31C
330
17
100
AcDbEntity
  8
3D_LUMINARIAS_HIGHBAY
100
AcDb3dPolyline
 66
1
 10
0.0
 20
0.0
 30
0.0
 70
8
  0
VERTEX
  5
31E
330
17
100
AcDbEntity
  8
3D_LUMINARIAS_HIGHBAY
100
AcDbVertex
100
AcDb3dPolylineVertex
 10
3.15
 20
26.65
 30
7.7
 70
32
  0
VERTEX
  5
31F
330
17
100
AcDbEntity
  8
3D_LUMINARIAS_HIGHBAY
100
AcDbVertex
100
AcDb3dPolylineVertex
 10
3.8499999999999996
 20
26.65
 30
7.7
 70
32
  0
VERTEX
  5
320
330
17
100
AcDbEntity
  8
3D_LUMINARIAS_HIGHBAY
100
AcDbVertex
100
AcDb3dPolylineVertex
 10
3.8499999999999996
 20
27.349999999999998
 30
7.7
 70
32
  0
VERTEX
  5
321
330
17
100
AcDbEntity
  8
3D_LUMINARIAS_HIGHBAY
100
AcDbVertex
100
AcDb3dPolylineVertex
 10
3.15
 20
27.349999999999998
 30
7.7
 70
32
  0
VERTEX
  5
322
330
17
100
AcDbEntity
  8
3D_LUMINARIAS_HIGHBAY
100
AcDbVertex
100
AcDb3dPolylineVertex
 10
3.15
 20
26.65
 30
7.7
 70
32
  0
SEQEND
  5
31D
330
31C
100
AcDbEntity
  8
3D_LUMINARIAS_HIGHBAY
  0
LINE
  5
323
330
17
100
AcDbEntity
  8
3D_LUMINARIAS_HIGHBAY
100
AcDbLine
 10
3.15
 20
26.65
 30
7.5
 11
3.15
 21
26.65
 31
7.7
  0
LINE
  5
324
330
17
100
AcDbEntity
  8
3D_LUMINARIAS_HIGHBAY
100
AcDbLine
 10
3.8499999999999996
 20
26.65
 30
7.5
 11
3.8499999999999996
 21
26.65
 31
7.7
  0
LINE
  5
325
330
17
100
AcDbEntity
  8
3D_LUMINARIAS_HIGHBAY
100
AcDbLine
 10
3.8499999999999996
 20
27.349999999999998
 30
7.5
 11
3.8499999999999996
 21
27.349999999999998
 31
7.7
  0
LINE
  5
326
330
17
100
AcDbEntity
  8
3D_LUMINARIAS_HIGHBAY
100
AcDbLine
 10
3.15
 20
27.349999999999998
 30
7.5
 11
3.15
 21
27.349999999999998
 31
7.7
  0
LINE
  5
327
330
17
100
AcDbEntity
  8
3D_LUMINARIAS_HIGHBAY
100
AcDbLine
 10
3.5
 20
27.0
 30
7.7
 11
3.5
 21
27.0
 31
8.0
  0
POLYLINE
  5
328
330
17
100
AcDbEntity
  8
3D_LUMINARIAS_HIGHBAY
100
AcDb3dPolyline
 66
1
 10
0.0
 20
0.0
 30
0.0
 70
8
  0
VERTEX
  5
32A
330
17
100
AcDbEntity
  8
3D_LUMINARIAS_HIGHBAY
100
AcDbVertex
100
AcDb3dPolylineVertex
 10
3.15
 20
30.65
 30
7.5
 70
32
  0
VERTEX
  5
32B
330
17
100
AcDbEntity
  8
3D_LUMINARIAS_HIGHBAY
100
AcDbVertex
100
AcDb3dPolylineVertex
 10
3.8499999999999996
 20
30.65
 30
7.5
 70
32
  0
VERTEX
  5
32C
330
17
100
AcDbEntity
  8
3D_LUMINARIAS_HIGHBAY
100
AcDbVertex
100
AcDb3dPolylineVertex
 10
3.8499999999999996
 20
31.349999999999998
 30
7.5
 70
32
  0
VERTEX
  5
32D
330
17
100
AcDbEntity
  8
3D_LUMINARIAS_HIGHBAY
100
AcDbVertex
100
AcDb3dPolylineVertex
 10
3.15
 20
31.349999999999998
 30
7.5
 70
32
  0
VERTEX
  5
32E
330
17
100
AcDbEntity
  8
3D_LUMINARIAS_HIGHBAY
100
AcDbVertex
100
AcDb3dPolylineVertex
 10
3.15
 20
30.65
 30
7.5
 70
32
  0
SEQEND
  5
329
330
328
100
AcDbEntity
  8
3D_LUMINARIAS_HIGHBAY
  0
POLYLINE
  5
32F
330
17
100
AcDbEntity
  8
3D_LUMINARIAS_HIGHBAY
100
AcDb3dPolyline
 66
1
 10
0.0
 20
0.0
 30
0.0
 70
8
  0
VERTEX
  5
331
330
17
100
AcDbEntity
  8
3D_LUMINARIAS_HIGHBAY
100
AcDbVertex
100
AcDb3dPolylineVertex
 10
3.15
 20
30.65
 30
7.7
 70
32
  0
VERTEX
  5
332
330
17
100
AcDbEntity
  8
3D_LUMINARIAS_HIGHBAY
100
AcDbVertex
100
AcDb3dPolylineVertex
 10
3.8499999999999996
 20
30.65
 30
7.7
 70
32
  0
VERTEX
  5
333
330
17
100
AcDbEntity
  8
3D_LUMINARIAS_HIGHBAY
100
AcDbVertex
100
AcDb3dPolylineVertex
 10
3.8499999999999996
 20
31.349999999999998
 30
7.7
 70
32
  0
VERTEX
  5
334
330
17
100
AcDbEntity
  8
3D_LUMINARIAS_HIGHBAY
100
AcDbVertex
100
AcDb3dPolylineVertex
 10
3.15
 20
31.349999999999998
 30
7.7
 70
32
  0
VERTEX
  5
335
330
17
100
AcDbEntity
  8
3D_LUMINARIAS_HIGHBAY
100
AcDbVertex
100
AcDb3dPolylineVertex
 10
3.15
 20
30.65
 30
7.7
 70
32
  0
SEQEND
  5
330
330
32F
100
AcDbEntity
  8
3D_LUMINARIAS_HIGHBAY
  0
LINE
  5
336
330
17
100
AcDbEntity
  8
3D_LUMINARIAS_HIGHBAY
100
AcDbLine
 10
3.15
 20
30.65
 30
7.5
 11
3.15
 21
30.65
 31
7.7
  0
LINE
  5
337
330
17
100
AcDbEntity
  8
3D_LUMINARIAS_HIGHBAY
100
AcDbLine
 10
3.8499999999999996
 20
30.65
 30
7.5
 11
3.8499999999999996
 21
30.65
 31
7.7
  0
LINE
  5
338
330
17
100
AcDbEntity
  8
3D_LUMINARIAS_HIGHBAY
100
AcDbLine
 10
3.8499999999999996
 20
31.349999999999998
 30
7.5
 11
3.8499999999999996
 21
31.349999999999998
 31
7.7
  0
LINE
  5
339
330
17
100
AcDbEntity
  8
3D_LUMINARIAS_HIGHBAY
100
AcDbLine
 10
3.15
 20
31.349999999999998
 30
7.5
 11
3.15
 21
31.349999999999998
 31
7.7
  0
LINE
  5
33A
330
17
100
AcDbEntity
  8
3D_LUMINARIAS_HIGHBAY
100
AcDbLine
 10
3.5
 20
31.0
 30
7.7
 11
3.5
 21
31.0
 31
8.0
  0
POLYLINE
  5
33B
330
17
100
AcDbEntity
  8
3D_LUMINARIAS_HIGHBAY
100
AcDb3dPolyline
 66
1
 10
0.0
 20
0.0
 30
0.0
 70
8
  0
VERTEX
  5
33D
330
17
100
AcDbEntity
  8
3D_LUMINARIAS_HIGHBAY
100
AcDbVertex
100
AcDb3dPolylineVertex
 10
3.15
 20
34.65
 30
7.5
 70
32
  0
VERTEX
  5
33E
330
17
100
AcDbEntity
  8
3D_LUMINARIAS_HIGHBAY
100
AcDbVertex
100
AcDb3dPolylineVertex
 10
3.8499999999999996
 20
34.65
 30
7.5
 70
32
  0
VERTEX
  5
33F
330
17
100
AcDbEntity
  8
3D_LUMINARIAS_HIGHBAY
100
AcDbVertex
100
AcDb3dPolylineVertex
 10
3.8499999999999996
 20
35.35
 30
7.5
 70
32
  0
VERTEX
  5
340
330
17
100
AcDbEntity
  8
3D_LUMINARIAS_HIGHBAY
100
AcDbVertex
100
AcDb3dPolylineVertex
 10
3.15
 20
35.35
 30
7.5
 70
32
  0
VERTEX
  5
341
330
17
100
AcDbEntity
  8
3D_LUMINARIAS_HIGHBAY
100
AcDbVertex
100
AcDb3dPolylineVertex
 10
3.15
 20
34.65
 30
7.5
 70
32
  0
SEQEND
  5
33C
330
33B
100
AcDbEntity
  8
3D_LUMINARIAS_HIGHBAY
  0
POLYLINE
  5
342
330
17
100
AcDbEntity
  8
3D_LUMINARIAS_HIGHBAY
100
AcDb3dPolyline
 66
1
 10
0.0
 20
0.0
 30
0.0
 70
8
  0
VERTEX
  5
344
330
17
100
AcDbEntity
  8
3D_LUMINARIAS_HIGHBAY
100
AcDbVertex
100
AcDb3dPolylineVertex
 10
3.15
 20
34.65
 30
7.7
 70
32
  0
VERTEX
  5
345
330
17
100
AcDbEntity
  8
3D_LUMINARIAS_HIGHBAY
100
AcDbVertex
100
AcDb3dPolylineVertex
 10
3.8499999999999996
 20
34.65
 30
7.7
 70
32
  0
VERTEX
  5
346
330
17
100
AcDbEntity
  8
3D_LUMINARIAS_HIGHBAY
100
AcDbVertex
100
AcDb3dPolylineVertex
 10
3.8499999999999996
 20
35.35
 30
7.7
 70
32
  0
VERTEX
  5
347
330
17
100
AcDbEntity
  8
3D_LUMINARIAS_HIGHBAY
100
AcDbVertex
100
AcDb3dPolylineVertex
 10
3.15
 20
35.35
 30
7.7
 70
32
  0
VERTEX
  5
348
330
17
100
AcDbEntity
  8
3D_LUMINARIAS_HIGHBAY
100
AcDbVertex
100
AcDb3dPolylineVertex
 10
3.15
 20
34.65
 30
7.7
 70
32
  0
SEQEND
  5
343
330
342
100
AcDbEntity
  8
3D_LUMINARIAS_HIGHBAY
  0
LINE
  5
349
330
17
100
AcDbEntity
  8
3D_LUMINARIAS_HIGHBAY
100
AcDbLine
 10
3.15
 20
34.65
 30
7.5
 11
3.15
 21
34.65
 31
7.7
  0
LINE
  5
34A
330
17
100
AcDbEntity
  8
3D_LUMINARIAS_HIGHBAY
100
AcDbLine
 10
3.8499999999999996
 20
34.65
 30
7.5
 11
3.8499999999999996
 21
34.65
 31
7.7
  0
LINE
  5
34B
330
17
100
AcDbEntity
  8
3D_LUMINARIAS_HIGHBAY
100
AcDbLine
 10
3.8499999999999996
 20
35.35
 30
7.5
 11
3.8499999999999996
 21
35.35
 31
7.7
  0
LINE
  5
34C
330
17
100
AcDbEntity
  8
3D_LUMINARIAS_HIGHBAY
100
AcDbLine
 10
3.15
 20
35.35
 30
7.5
 11
3.15
 21
35.35
 31
7.7
  0
LINE
  5
34D
330
17
100
AcDbEntity
  8
3D_LUMINARIAS_HIGHBAY
100
AcDbLine
 10
3.5
 20
35.0
 30
7.7
 11
3.5
 21
35.0
 31
8.0
  0
POLYLINE
  5
34E
330
17
100
AcDbEntity
  8
3D_LUMINARIAS_HIGHBAY
100
AcDb3dPolyline
 66
1
 10
0.0
 20
0.0
 30
0.0
 70
8
  0
VERTEX
  5
350
330
17
100
AcDbEntity
  8
3D_LUMINARIAS_HIGHBAY
100
AcDbVertex
100
AcDb3dPolylineVertex
 10
3.15
 20
38.65
 30
7.5
 70
32
  0
VERTEX
  5
351
330
17
100
AcDbEntity
  8
3D_LUMINARIAS_HIGHBAY
100
AcDbVertex
100
AcDb3dPolylineVertex
 10
3.8499999999999996
 20
38.65
 30
7.5
 70
32
  0
VERTEX
  5
352
330
17
100
AcDbEntity
  8
3D_LUMINARIAS_HIGHBAY
100
AcDbVertex
100
AcDb3dPolylineVertex
 10
3.8499999999999996
 20
39.35
 30
7.5
 70
32
  0
VERTEX
  5
353
330
17
100
AcDbEntity
  8
3D_LUMINARIAS_HIGHBAY
100
AcDbVertex
100
AcDb3dPolylineVertex
 10
3.15
 20
39.35
 30
7.5
 70
32
  0
VERTEX
  5
354
330
17
100
AcDbEntity
  8
3D_LUMINARIAS_HIGHBAY
100
AcDbVertex
100
AcDb3dPolylineVertex
 10
3.15
 20
38.65
 30
7.5
 70
32
  0
SEQEND
  5
34F
330
34E
100
AcDbEntity
  8
3D_LUMINARIAS_HIGHBAY
  0
POLYLINE
  5
355
330
17
100
AcDbEntity
  8
3D_LUMINARIAS_HIGHBAY
100
AcDb3dPolyline
 66
1
 10
0.0
 20
0.0
 30
0.0
 70
8
  0
VERTEX
  5
357
330
17
100
AcDbEntity
  8
3D_LUMINARIAS_HIGHBAY
100
AcDbVertex
100
AcDb3dPolylineVertex
 10
3.15
 20
38.65
 30
7.7
 70
32
  0
VERTEX
  5
358
330
17
100
AcDbEntity
  8
3D_LUMINARIAS_HIGHBAY
100
AcDbVertex
100
AcDb3dPolylineVertex
 10
3.8499999999999996
 20
38.65
 30
7.7
 70
32
  0
VERTEX
  5
359
330
17
100
AcDbEntity
  8
3D_LUMINARIAS_HIGHBAY
100
AcDbVertex
100
AcDb3dPolylineVertex
 10
3.8499999999999996
 20
39.35
 30
7.7
 70
32
  0
VERTEX
  5
35A
330
17
100
AcDbEntity
  8
3D_LUMINARIAS_HIGHBAY
100
AcDbVertex
100
AcDb3dPolylineVertex
 10
3.15
 20
39.35
 30
7.7
 70
32
  0
VERTEX
  5
35B
330
17
100
AcDbEntity
  8
3D_LUMINARIAS_HIGHBAY
100
AcDbVertex
100
AcDb3dPolylineVertex
 10
3.15
 20
38.65
 30
7.7
 70
32
  0
SEQEND
  5
356
330
355
100
AcDbEntity
  8
3D_LUMINARIAS_HIGHBAY
  0
LINE
  5
35C
330
17
100
AcDbEntity
  8
3D_LUMINARIAS_HIGHBAY
100
AcDbLine
 10
3.15
 20
38.65
 30
7.5
 11
3.15
 21
38.65
 31
7.7
  0
LINE
  5
35D
330
17
100
AcDbEntity
  8
3D_LUMINARIAS_HIGHBAY
100
AcDbLine
 10
3.8499999999999996
 20
38.65
 30
7.5
 11
3.8499999999999996
 21
38.65
 31
7.7
  0
LINE
  5
35E
330
17
100
AcDbEntity
  8
3D_LUMINARIAS_HIGHBAY
100
AcDbLine
 10
3.8499999999999996
 20
39.35
 30
7.5
 11
3.8499999999999996
 21
39.35
 31
7.7
  0
LINE
  5
35F
330
17
100
AcDbEntity
  8
3D_LUMINARIAS_HIGHBAY
100
AcDbLine
 10
3.15
 20
39.35
 30
7.5
 11
3.15
 21
39.35
 31
7.7
  0
LINE
  5
360
330
17
100
AcDbEntity
  8
3D_LUMINARIAS_HIGHBAY
100
AcDbLine
 10
3.5
 20
39.0
 30
7.7
 11
3.5
 21
39.0
 31
8.0
  0
POLYLINE
  5
361
330
17
100
AcDbEntity
  8
3D_LUMINARIAS_HIGHBAY
100
AcDb3dPolyline
 66
1
 10
0.0
 20
0.0
 30
0.0
 70
8
  0
VERTEX
  5
363
330
17
100
AcDbEntity
  8
3D_LUMINARIAS_HIGHBAY
100
AcDbVertex
100
AcDb3dPolylineVertex
 10
7.15
 20
6.65
 30
7.5
 70
32
  0
VERTEX
  5
364
330
17
100
AcDbEntity
  8
3D_LUMINARIAS_HIGHBAY
100
AcDbVertex
100
AcDb3dPolylineVertex
 10
7.8500000000000005
 20
6.65
 30
7.5
 70
32
  0
VERTEX
  5
365
330
17
100
AcDbEntity
  8
3D_LUMINARIAS_HIGHBAY
100
AcDbVertex
100
AcDb3dPolylineVertex
 10
7.8500000000000005
 20
7.3500000000000005
 30
7.5
 70
32
  0
VERTEX
  5
366
330
17
100
AcDbEntity
  8
3D_LUMINARIAS_HIGHBAY
100
AcDbVertex
100
AcDb3dPolylineVertex
 10
7.15
 20
7.3500000000000005
 30
7.5
 70
32
  0
VERTEX
  5
367
330
17
100
AcDbEntity
  8
3D_LUMINARIAS_HIGHBAY
100
AcDbVertex
100
AcDb3dPolylineVertex
 10
7.15
 20
6.65
 30
7.5
 70
32
  0
SEQEND
  5
362
330
361
100
AcDbEntity
  8
3D_LUMINARIAS_HIGHBAY
  0
POLYLINE
  5
368
330
17
100
AcDbEntity
  8
3D_LUMINARIAS_HIGHBAY
100
AcDb3dPolyline
 66
1
 10
0.0
 20
0.0
 30
0.0
 70
8
  0
VERTEX
  5
36A
330
17
100
AcDbEntity
  8
3D_LUMINARIAS_HIGHBAY
100
AcDbVertex
100
AcDb3dPolylineVertex
 10
7.15
 20
6.65
 30
7.7
 70
32
  0
VERTEX
  5
36B
330
17
100
AcDbEntity
  8
3D_LUMINARIAS_HIGHBAY
100
AcDbVertex
100
AcDb3dPolylineVertex
 10
7.8500000000000005
 20
6.65
 30
7.7
 70
32
  0
VERTEX
  5
36C
330
17
100
AcDbEntity
  8
3D_LUMINARIAS_HIGHBAY
100
AcDbVertex
100
AcDb3dPolylineVertex
 10
7.8500000000000005
 20
7.3500000000000005
 30
7.7
 70
32
  0
VERTEX
  5
36D
330
17
100
AcDbEntity
  8
3D_LUMINARIAS_HIGHBAY
100
AcDbVertex
100
AcDb3dPolylineVertex
 10
7.15
 20
7.3500000000000005
 30
7.7
 70
32
  0
VERTEX
  5
36E
330
17
100
AcDbEntity
  8
3D_LUMINARIAS_HIGHBAY
100
AcDbVertex
100
AcDb3dPolylineVertex
 10
7.15
 20
6.65
 30
7.7
 70
32
  0
SEQEND
  5
369
330
368
100
AcDbEntity
  8
3D_LUMINARIAS_HIGHBAY
  0
LINE
  5
36F
330
17
100
AcDbEntity
  8
3D_LUMINARIAS_HIGHBAY
100
AcDbLine
 10
7.15
 20
6.65
 30
7.5
 11
7.15
 21
6.65
 31
7.7
  0
LINE
  5
370
330
17
100
AcDbEntity
  8
3D_LUMINARIAS_HIGHBAY
100
AcDbLine
 10
7.8500000000000005
 20
6.65
 30
7.5
 11
7.8500000000000005
 21
6.65
 31
7.7
  0
LINE
  5
371
330
17
100
AcDbEntity
  8
3D_LUMINARIAS_HIGHBAY
100
AcDbLine
 10
7.8500000000000005
 20
7.3500000000000005
 30
7.5
 11
7.8500000000000005
 21
7.3500000000000005
 31
7.7
  0
LINE
  5
372
330
17
100
AcDbEntity
  8
3D_LUMINARIAS_HIGHBAY
100
AcDbLine
 10
7.15
 20
7.3500000000000005
 30
7.5
 11
7.15
 21
7.3500000000000005
 31
7.7
  0
LINE
  5
373
330
17
100
AcDbEntity
  8
3D_LUMINARIAS_HIGHBAY
100
AcDbLine
 10
7.5
 20
7.0
 30
7.7
 11
7.5
 21
7.0
 31
8.0
  0
POLYLINE
  5
374
330
17
100
AcDbEntity
  8
3D_LUMINARIAS_HIGHBAY
100
AcDb3dPolyline
 66
1
 10
0.0
 20
0.0
 30
0.0
 70
8
  0
VERTEX
  5
376
330
17
100
AcDbEntity
  8
3D_LUMINARIAS_HIGHBAY
100
AcDbVertex
100
AcDb3dPolylineVertex
 10
7.15
 20
10.65
 30
7.5
 70
32
  0
VERTEX
  5
377
330
17
100
AcDbEntity
  8
3D_LUMINARIAS_HIGHBAY
100
AcDbVertex
100
AcDb3dPolylineVertex
 10
7.8500000000000005
 20
10.65
 30
7.5
 70
32
  0
VERTEX
  5
378
330
17
100
AcDbEntity
  8
3D_LUMINARIAS_HIGHBAY
100
AcDbVertex
100
AcDb3dPolylineVertex
 10
7.8500000000000005
 20
11.35
 30
7.5
 70
32
  0
VERTEX
  5
379
330
17
100
AcDbEntity
  8
3D_LUMINARIAS_HIGHBAY
100
AcDbVertex
100
AcDb3dPolylineVertex
 10
7.15
 20
11.35
 30
7.5
 70
32
  0
VERTEX
  5
37A
330
17
100
AcDbEntity
  8
3D_LUMINARIAS_HIGHBAY
100
AcDbVertex
100
AcDb3dPolylineVertex
 10
7.15
 20
10.65
 30
7.5
 70
32
  0
SEQEND
  5
375
330
374
100
AcDbEntity
  8
3D_LUMINARIAS_HIGHBAY
  0
POLYLINE
  5
37B
330
17
100
AcDbEntity
  8
3D_LUMINARIAS_HIGHBAY
100
AcDb3dPolyline
 66
1
 10
0.0
 20
0.0
 30
0.0
 70
8
  0
VERTEX
  5
37D
330
17
100
AcDbEntity
  8
3D_LUMINARIAS_HIGHBAY
100
AcDbVertex
100
AcDb3dPolylineVertex
 10
7.15
 20
10.65
 30
7.7
 70
32
  0
VERTEX
  5
37E
330
17
100
AcDbEntity
  8
3D_LUMINARIAS_HIGHBAY
100
AcDbVertex
100
AcDb3dPolylineVertex
 10
7.8500000000000005
 20
10.65
 30
7.7
 70
32
  0
VERTEX
  5
37F
330
17
100
AcDbEntity
  8
3D_LUMINARIAS_HIGHBAY
100
AcDbVertex
100
AcDb3dPolylineVertex
 10
7.8500000000000005
 20
11.35
 30
7.7
 70
32
  0
VERTEX
  5
380
330
17
100
AcDbEntity
  8
3D_LUMINARIAS_HIGHBAY
100
AcDbVertex
100
AcDb3dPolylineVertex
 10
7.15
 20
11.35
 30
7.7
 70
32
  0
VERTEX
  5
381
330
17
100
AcDbEntity
  8
3D_LUMINARIAS_HIGHBAY
100
AcDbVertex
100
AcDb3dPolylineVertex
 10
7.15
 20
10.65
 30
7.7
 70
32
  0
SEQEND
  5
37C
330
37B
100
AcDbEntity
  8
3D_LUMINARIAS_HIGHBAY
  0
LINE
  5
382
330
17
100
AcDbEntity
  8
3D_LUMINARIAS_HIGHBAY
100
AcDbLine
 10
7.15
 20
10.65
 30
7.5
 11
7.15
 21
10.65
 31
7.7
  0
LINE
  5
383
330
17
100
AcDbEntity
  8
3D_LUMINARIAS_HIGHBAY
100
AcDbLine
 10
7.8500000000000005
 20
10.65
 30
7.5
 11
7.8500000000000005
 21
10.65
 31
7.7
  0
LINE
  5
384
330
17
100
AcDbEntity
  8
3D_LUMINARIAS_HIGHBAY
100
AcDbLine
 10
7.8500000000000005
 20
11.35
 30
7.5
 11
7.8500000000000005
 21
11.35
 31
7.7
  0
LINE
  5
385
330
17
100
AcDbEntity
  8
3D_LUMINARIAS_HIGHBAY
100
AcDbLine
 10
7.15
 20
11.35
 30
7.5
 11
7.15
 21
11.35
 31
7.7
  0
LINE
  5
386
330
17
100
AcDbEntity
  8
3D_LUMINARIAS_HIGHBAY
100
AcDbLine
 10
7.5
 20
11.0
 30
7.7
 11
7.5
 21
11.0
 31
8.0
  0
POLYLINE
  5
387
330
17
100
AcDbEntity
  8
3D_LUMINARIAS_HIGHBAY
100
AcDb3dPolyline
 66
1
 10
0.0
 20
0.0
 30
0.0
 70
8
  0
VERTEX
  5
389
330
17
100
AcDbEntity
  8
3D_LUMINARIAS_HIGHBAY
100
AcDbVertex
100
AcDb3dPolylineVertex
 10
7.15
 20
14.65
 30
7.5
 70
32
  0
VERTEX
  5
38A
330
17
100
AcDbEntity
  8
3D_LUMINARIAS_HIGHBAY
100
AcDbVertex
100
AcDb3dPolylineVertex
 10
7.8500000000000005
 20
14.65
 30
7.5
 70
32
  0
VERTEX
  5
38B
330
17
100
AcDbEntity
  8
3D_LUMINARIAS_HIGHBAY
100
AcDbVertex
100
AcDb3dPolylineVertex
 10
7.8500000000000005
 20
15.35
 30
7.5
 70
32
  0
VERTEX
  5
38C
330
17
100
AcDbEntity
  8
3D_LUMINARIAS_HIGHBAY
100
AcDbVertex
100
AcDb3dPolylineVertex
 10
7.15
 20
15.35
 30
7.5
 70
32
  0
VERTEX
  5
38D
330
17
100
AcDbEntity
  8
3D_LUMINARIAS_HIGHBAY
100
AcDbVertex
100
AcDb3dPolylineVertex
 10
7.15
 20
14.65
 30
7.5
 70
32
  0
SEQEND
  5
388
330
387
100
AcDbEntity
  8
3D_LUMINARIAS_HIGHBAY
  0
POLYLINE
  5
38E
330
17
100
AcDbEntity
  8
3D_LUMINARIAS_HIGHBAY
100
AcDb3dPolyline
 66
1
 10
0.0
 20
0.0
 30
0.0
 70
8
  0
VERTEX
  5
390
330
17
100
AcDbEntity
  8
3D_LUMINARIAS_HIGHBAY
100
AcDbVertex
100
AcDb3dPolylineVertex
 10
7.15
 20
14.65
 30
7.7
 70
32
  0
VERTEX
  5
391
330
17
100
AcDbEntity
  8
3D_LUMINARIAS_HIGHBAY
100
AcDbVertex
100
AcDb3dPolylineVertex
 10
7.8500000000000005
 20
14.65
 30
7.7
 70
32
  0
VERTEX
  5
392
330
17
100
AcDbEntity
  8
3D_LUMINARIAS_HIGHBAY
100
AcDbVertex
100
AcDb3dPolylineVertex
 10
7.8500000000000005
 20
15.35
 30
7.7
 70
32
  0
VERTEX
  5
393
330
17
100
AcDbEntity
  8
3D_LUMINARIAS_HIGHBAY
100
AcDbVertex
100
AcDb3dPolylineVertex
 10
7.15
 20
15.35
 30
7.7
 70
32
  0
VERTEX
  5
394
330
17
100
AcDbEntity
  8
3D_LUMINARIAS_HIGHBAY
100
AcDbVertex
100
AcDb3dPolylineVertex
 10
7.15
 20
14.65
 30
7.7
 70
32
  0
SEQEND
  5
38F
330
38E
100
AcDbEntity
  8
3D_LUMINARIAS_HIGHBAY
  0
LINE
  5
395
330
17
100
AcDbEntity
  8
3D_LUMINARIAS_HIGHBAY
100
AcDbLine
 10
7.15
 20
14.65
 30
7.5
 11
7.15
 21
14.65
 31
7.7
  0
LINE
  5
396
330
17
100
AcDbEntity
  8
3D_LUMINARIAS_HIGHBAY
100
AcDbLine
 10
7.8500000000000005
 20
14.65
 30
7.5
 11
7.8500000000000005
 21
14.65
 31
7.7
  0
LINE
  5
397
330
17
100
AcDbEntity
  8
3D_LUMINARIAS_HIGHBAY
100
AcDbLine
 10
7.8500000000000005
 20
15.35
 30
7.5
 11
7.8500000000000005
 21
15.35
 31
7.7
  0
LINE
  5
398
330
17
100
AcDbEntity
  8
3D_LUMINARIAS_HIGHBAY
100
AcDbLine
 10
7.15
 20
15.35
 30
7.5
 11
7.15
 21
15.35
 31
7.7
  0
LINE
  5
399
330
17
100
AcDbEntity
  8
3D_LUMINARIAS_HIGHBAY
100
AcDbLine
 10
7.5
 20
15.0
 30
7.7
 11
7.5
 21
15.0
 31
8.0
  0
POLYLINE
  5
39A
330
17
100
AcDbEntity
  8
3D_LUMINARIAS_HIGHBAY
100
AcDb3dPolyline
 66
1
 10
0.0
 20
0.0
 30
0.0
 70
8
  0
VERTEX
  5
39C
330
17
100
AcDbEntity
  8
3D_LUMINARIAS_HIGHBAY
100
AcDbVertex
100
AcDb3dPolylineVertex
 10
7.15
 20
18.65
 30
7.5
 70
32
  0
VERTEX
  5
39D
330
17
100
AcDbEntity
  8
3D_LUMINARIAS_HIGHBAY
100
AcDbVertex
100
AcDb3dPolylineVertex
 10
7.8500000000000005
 20
18.65
 30
7.5
 70
32
  0
VERTEX
  5
39E
330
17
100
AcDbEntity
  8
3D_LUMINARIAS_HIGHBAY
100
AcDbVertex
100
AcDb3dPolylineVertex
 10
7.8500000000000005
 20
19.349999999999998
 30
7.5
 70
32
  0
VERTEX
  5
39F
330
17
100
AcDbEntity
  8
3D_LUMINARIAS_HIGHBAY
100
AcDbVertex
100
AcDb3dPolylineVertex
 10
7.15
 20
19.349999999999998
 30
7.5
 70
32
  0
VERTEX
  5
3A0
330
17
100
AcDbEntity
  8
3D_LUMINARIAS_HIGHBAY
100
AcDbVertex
100
AcDb3dPolylineVertex
 10
7.15
 20
18.65
 30
7.5
 70
32
  0
SEQEND
  5
39B
330
39A
100
AcDbEntity
  8
3D_LUMINARIAS_HIGHBAY
  0
POLYLINE
  5
3A1
330
17
100
AcDbEntity
  8
3D_LUMINARIAS_HIGHBAY
100
AcDb3dPolyline
 66
1
 10
0.0
 20
0.0
 30
0.0
 70
8
  0
VERTEX
  5
3A3
330
17
100
AcDbEntity
  8
3D_LUMINARIAS_HIGHBAY
100
AcDbVertex
100
AcDb3dPolylineVertex
 10
7.15
 20
18.65
 30
7.7
 70
32
  0
VERTEX
  5
3A4
330
17
100
AcDbEntity
  8
3D_LUMINARIAS_HIGHBAY
100
AcDbVertex
100
AcDb3dPolylineVertex
 10
7.8500000000000005
 20
18.65
 30
7.7
 70
32
  0
VERTEX
  5
3A5
330
17
100
AcDbEntity
  8
3D_LUMINARIAS_HIGHBAY
100
AcDbVertex
100
AcDb3dPolylineVertex
 10
7.8500000000000005
 20
19.349999999999998
 30
7.7
 70
32
  0
VERTEX
  5
3A6
330
17
100
AcDbEntity
  8
3D_LUMINARIAS_HIGHBAY
100
AcDbVertex
100
AcDb3dPolylineVertex
 10
7.15
 20
19.349999999999998
 30
7.7
 70
32
  0
VERTEX
  5
3A7
330
17
100
AcDbEntity
  8
3D_LUMINARIAS_HIGHBAY
100
AcDbVertex
100
AcDb3dPolylineVertex
 10
7.15
 20
18.65
 30
7.7
 70
32
  0
SEQEND
  5
3A2
330
3A1
100
AcDbEntity
  8
3D_LUMINARIAS_HIGHBAY
  0
LINE
  5
3A8
330
17
100
AcDbEntity
  8
3D_LUMINARIAS_HIGHBAY
100
AcDbLine
 10
7.15
 20
18.65
 30
7.5
 11
7.15
 21
18.65
 31
7.7
  0
LINE
  5
3A9
330
17
100
AcDbEntity
  8
3D_LUMINARIAS_HIGHBAY
100
AcDbLine
 10
7.8500000000000005
 20
18.65
 30
7.5
 11
7.8500000000000005
 21
18.65
 31
7.7
  0
LINE
  5
3AA
330
17
100
AcDbEntity
  8
3D_LUMINARIAS_HIGHBAY
100
AcDbLine
 10
7.8500000000000005
 20
19.349999999999998
 30
7.5
 11
7.8500000000000005
 21
19.349999999999998
 31
7.7
  0
LINE
  5
3AB
330
17
100
AcDbEntity
  8
3D_LUMINARIAS_HIGHBAY
100
AcDbLine
 10
7.15
 20
19.349999999999998
 30
7.5
 11
7.15
 21
19.349999999999998
 31
7.7
  0
LINE
  5
3AC
330
17
100
AcDbEntity
  8
3D_LUMINARIAS_HIGHBAY
100
AcDbLine
 10
7.5
 20
19.0
 30
7.7
 11
7.5
 21
19.0
 31
8.0
  0
POLYLINE
  5
3AD
330
17
100
AcDbEntity
  8
3D_LUMINARIAS_HIGHBAY
100
AcDb3dPolyline
 66
1
 10
0.0
 20
0.0
 30
0.0
 70
8
  0
VERTEX
  5
3AF
330
17
100
AcDbEntity
  8
3D_LUMINARIAS_HIGHBAY
100
AcDbVertex
100
AcDb3dPolylineVertex
 10
7.15
 20
22.65
 30
7.5
 70
32
  0
VERTEX
  5
3B0
330
17
100
AcDbEntity
  8
3D_LUMINARIAS_HIGHBAY
100
AcDbVertex
100
AcDb3dPolylineVertex
 10
7.8500000000000005
 20
22.65
 30
7.5
 70
32
  0
VERTEX
  5
3B1
330
17
100
AcDbEntity
  8
3D_LUMINARIAS_HIGHBAY
100
AcDbVertex
100
AcDb3dPolylineVertex
 10
7.8500000000000005
 20
23.349999999999998
 30
7.5
 70
32
  0
VERTEX
  5
3B2
330
17
100
AcDbEntity
  8
3D_LUMINARIAS_HIGHBAY
100
AcDbVertex
100
AcDb3dPolylineVertex
 10
7.15
 20
23.349999999999998
 30
7.5
 70
32
  0
VERTEX
  5
3B3
330
17
100
AcDbEntity
  8
3D_LUMINARIAS_HIGHBAY
100
AcDbVertex
100
AcDb3dPolylineVertex
 10
7.15
 20
22.65
 30
7.5
 70
32
  0
SEQEND
  5
3AE
330
3AD
100
AcDbEntity
  8
3D_LUMINARIAS_HIGHBAY
  0
POLYLINE
  5
3B4
330
17
100
AcDbEntity
  8
3D_LUMINARIAS_HIGHBAY
100
AcDb3dPolyline
 66
1
 10
0.0
 20
0.0
 30
0.0
 70
8
  0
VERTEX
  5
3B6
330
17
100
AcDbEntity
  8
3D_LUMINARIAS_HIGHBAY
100
AcDbVertex
100
AcDb3dPolylineVertex
 10
7.15
 20
22.65
 30
7.7
 70
32
  0
VERTEX
  5
3B7
330
17
100
AcDbEntity
  8
3D_LUMINARIAS_HIGHBAY
100
AcDbVertex
100
AcDb3dPolylineVertex
 10
7.8500000000000005
 20
22.65
 30
7.7
 70
32
  0
VERTEX
  5
3B8
330
17
100
AcDbEntity
  8
3D_LUMINARIAS_HIGHBAY
100
AcDbVertex
100
AcDb3dPolylineVertex
 10
7.8500000000000005
 20
23.349999999999998
 30
7.7
 70
32
  0
VERTEX
  5
3B9
330
17
100
AcDbEntity
  8
3D_LUMINARIAS_HIGHBAY
100
AcDbVertex
100
AcDb3dPolylineVertex
 10
7.15
 20
23.349999999999998
 30
7.7
 70
32
  0
VERTEX
  5
3BA
330
17
100
AcDbEntity
  8
3D_LUMINARIAS_HIGHBAY
100
AcDbVertex
100
AcDb3dPolylineVertex
 10
7.15
 20
22.65
 30
7.7
 70
32
  0
SEQEND
  5
3B5
330
3B4
100
AcDbEntity
  8
3D_LUMINARIAS_HIGHBAY
  0
LINE
  5
3BB
330
17
100
AcDbEntity
  8
3D_LUMINARIAS_HIGHBAY
100
AcDbLine
 10
7.15
 20
22.65
 30
7.5
 11
7.15
 21
22.65
 31
7.7
  0
LINE
  5
3BC
330
17
100
AcDbEntity
  8
3D_LUMINARIAS_HIGHBAY
100
AcDbLine
 10
7.8500000000000005
 20
22.65
 30
7.5
 11
7.8500000000000005
 21
22.65
 31
7.7
  0
LINE
  5
3BD
330
17
100
AcDbEntity
  8
3D_LUMINARIAS_HIGHBAY
100
AcDbLine
 10
7.8500000000000005
 20
23.349999999999998
 30
7.5
 11
7.8500000000000005
 21
23.349999999999998
 31
7.7
  0
LINE
  5
3BE
330
17
100
AcDbEntity
  8
3D_LUMINARIAS_HIGHBAY
100
AcDbLine
 10
7.15
 20
23.349999999999998
 30
7.5
 11
7.15
 21
23.349999999999998
 31
7.7
  0
LINE
  5
3BF
330
17
100
AcDbEntity
  8
3D_LUMINARIAS_HIGHBAY
100
AcDbLine
 10
7.5
 20
23.0
 30
7.7
 11
7.5
 21
23.0
 31
8.0
  0
POLYLINE
  5
3C0
330
17
100
AcDbEntity
  8
3D_LUMINARIAS_HIGHBAY
100
AcDb3dPolyline
 66
1
 10
0.0
 20
0.0
 30
0.0
 70
8
  0
VERTEX
  5
3C2
330
17
100
AcDbEntity
  8
3D_LUMINARIAS_HIGHBAY
100
AcDbVertex
100
AcDb3dPolylineVertex
 10
7.15
 20
26.65
 30
7.5
 70
32
  0
VERTEX
  5
3C3
330
17
100
AcDbEntity
  8
3D_LUMINARIAS_HIGHBAY
100
AcDbVertex
100
AcDb3dPolylineVertex
 10
7.8500000000000005
 20
26.65
 30
7.5
 70
32
  0
VERTEX
  5
3C4
330
17
100
AcDbEntity
  8
3D_LUMINARIAS_HIGHBAY
100
AcDbVertex
100
AcDb3dPolylineVertex
 10
7.8500000000000005
 20
27.349999999999998
 30
7.5
 70
32
  0
VERTEX
  5
3C5
330
17
100
AcDbEntity
  8
3D_LUMINARIAS_HIGHBAY
100
AcDbVertex
100
AcDb3dPolylineVertex
 10
7.15
 20
27.349999999999998
 30
7.5
 70
32
  0
VERTEX
  5
3C6
330
17
100
AcDbEntity
  8
3D_LUMINARIAS_HIGHBAY
100
AcDbVertex
100
AcDb3dPolylineVertex
 10
7.15
 20
26.65
 30
7.5
 70
32
  0
SEQEND
  5
3C1
330
3C0
100
AcDbEntity
  8
3D_LUMINARIAS_HIGHBAY
  0
POLYLINE
  5
3C7
330
17
100
AcDbEntity
  8
3D_LUMINARIAS_HIGHBAY
100
AcDb3dPolyline
 66
1
 10
0.0
 20
0.0
 30
0.0
 70
8
  0
VERTEX
  5
3C9
330
17
100
AcDbEntity
  8
3D_LUMINARIAS_HIGHBAY
100
AcDbVertex
100
AcDb3dPolylineVertex
 10
7.15
 20
26.65
 30
7.7
 70
32
  0
VERTEX
  5
3CA
330
17
100
AcDbEntity
  8
3D_LUMINARIAS_HIGHBAY
100
AcDbVertex
100
AcDb3dPolylineVertex
 10
7.8500000000000005
 20
26.65
 30
7.7
 70
32
  0
VERTEX
  5
3CB
330
17
100
AcDbEntity
  8
3D_LUMINARIAS_HIGHBAY
100
AcDbVertex
100
AcDb3dPolylineVertex
 10
7.8500000000000005
 20
27.349999999999998
 30
7.7
 70
32
  0
VERTEX
  5
3CC
330
17
100
AcDbEntity
  8
3D_LUMINARIAS_HIGHBAY
100
AcDbVertex
100
AcDb3dPolylineVertex
 10
7.15
 20
27.349999999999998
 30
7.7
 70
32
  0
VERTEX
  5
3CD
330
17
100
AcDbEntity
  8
3D_LUMINARIAS_HIGHBAY
100
AcDbVertex
100
AcDb3dPolylineVertex
 10
7.15
 20
26.65
 30
7.7
 70
32
  0
SEQEND
  5
3C8
330
3C7
100
AcDbEntity
  8
3D_LUMINARIAS_HIGHBAY
  0
LINE
  5
3CE
330
17
100
AcDbEntity
  8
3D_LUMINARIAS_HIGHBAY
100
AcDbLine
 10
7.15
 20
26.65
 30
7.5
 11
7.15
 21
26.65
 31
7.7
  0
LINE
  5
3CF
330
17
100
AcDbEntity
  8
3D_LUMINARIAS_HIGHBAY
100
AcDbLine
 10
7.8500000000000005
 20
26.65
 30
7.5
 11
7.8500000000000005
 21
26.65
 31
7.7
  0
LINE
  5
3D0
330
17
100
AcDbEntity
  8
3D_LUMINARIAS_HIGHBAY
100
AcDbLine
 10
7.8500000000000005
 20
27.349999999999998
 30
7.5
 11
7.8500000000000005
 21
27.349999999999998
 31
7.7
  0
LINE
  5
3D1
330
17
100
AcDbEntity
  8
3D_LUMINARIAS_HIGHBAY
100
AcDbLine
 10
7.15
 20
27.349999999999998
 30
7.5
 11
7.15
 21
27.349999999999998
 31
7.7
  0
LINE
  5
3D2
330
17
100
AcDbEntity
  8
3D_LUMINARIAS_HIGHBAY
100
AcDbLine
 10
7.5
 20
27.0
 30
7.7
 11
7.5
 21
27.0
 31
8.0
  0
POLYLINE
  5
3D3
330
17
100
AcDbEntity
  8
3D_LUMINARIAS_HIGHBAY
100
AcDb3dPolyline
 66
1
 10
0.0
 20
0.0
 30
0.0
 70
8
  0
VERTEX
  5
3D5
330
17
100
AcDbEntity
  8
3D_LUMINARIAS_HIGHBAY
100
AcDbVertex
100
AcDb3dPolylineVertex
 10
7.15
 20
30.65
 30
7.5
 70
32
  0
VERTEX
  5
3D6
330
17
100
AcDbEntity
  8
3D_LUMINARIAS_HIGHBAY
100
AcDbVertex
100
AcDb3dPolylineVertex
 10
7.8500000000000005
 20
30.65
 30
7.5
 70
32
  0
VERTEX
  5
3D7
330
17
100
AcDbEntity
  8
3D_LUMINARIAS_HIGHBAY
100
AcDbVertex
100
AcDb3dPolylineVertex
 10
7.8500000000000005
 20
31.349999999999998
 30
7.5
 70
32
  0
VERTEX
  5
3D8
330
17
100
AcDbEntity
  8
3D_LUMINARIAS_HIGHBAY
100
AcDbVertex
100
AcDb3dPolylineVertex
 10
7.15
 20
31.349999999999998
 30
7.5
 70
32
  0
VERTEX
  5
3D9
330
17
100
AcDbEntity
  8
3D_LUMINARIAS_HIGHBAY
100
AcDbVertex
100
AcDb3dPolylineVertex
 10
7.15
 20
30.65
 30
7.5
 70
32
  0
SEQEND
  5
3D4
330
3D3
100
AcDbEntity
  8
3D_LUMINARIAS_HIGHBAY
  0
POLYLINE
  5
3DA
330
17
100
AcDbEntity
  8
3D_LUMINARIAS_HIGHBAY
100
AcDb3dPolyline
 66
1
 10
0.0
 20
0.0
 30
0.0
 70
8
  0
VERTEX
  5
3DC
330
17
100
AcDbEntity
  8
3D_LUMINARIAS_HIGHBAY
100
AcDbVertex
100
AcDb3dPolylineVertex
 10
7.15
 20
30.65
 30
7.7
 70
32
  0
VERTEX
  5
3DD
330
17
100
AcDbEntity
  8
3D_LUMINARIAS_HIGHBAY
100
AcDbVertex
100
AcDb3dPolylineVertex
 10
7.8500000000000005
 20
30.65
 30
7.7
 70
32
  0
VERTEX
  5
3DE
330
17
100
AcDbEntity
  8
3D_LUMINARIAS_HIGHBAY
100
AcDbVertex
100
AcDb3dPolylineVertex
 10
7.8500000000000005
 20
31.349999999999998
 30
7.7
 70
32
  0
VERTEX
  5
3DF
330
17
100
AcDbEntity
  8
3D_LUMINARIAS_HIGHBAY
100
AcDbVertex
100
AcDb3dPolylineVertex
 10
7.15
 20
31.349999999999998
 30
7.7
 70
32
  0
VERTEX
  5
3E0
330
17
100
AcDbEntity
  8
3D_LUMINARIAS_HIGHBAY
100
AcDbVertex
100
AcDb3dPolylineVertex
 10
7.15
 20
30.65
 30
7.7
 70
32
  0
SEQEND
  5
3DB
330
3DA
100
AcDbEntity
  8
3D_LUMINARIAS_HIGHBAY
  0
LINE
  5
3E1
330
17
100
AcDbEntity
  8
3D_LUMINARIAS_HIGHBAY
100
AcDbLine
 10
7.15
 20
30.65
 30
7.5
 11
7.15
 21
30.65
 31
7.7
  0
LINE
  5
3E2
330
17
100
AcDbEntity
  8
3D_LUMINARIAS_HIGHBAY
100
AcDbLine
 10
7.8500000000000005
 20
30.65
 30
7.5
 11
7.8500000000000005
 21
30.65
 31
7.7
  0
LINE
  5
3E3
330
17
100
AcDbEntity
  8
3D_LUMINARIAS_HIGHBAY
100
AcDbLine
 10
7.8500000000000005
 20
31.349999999999998
 30
7.5
 11
7.8500000000000005
 21
31.349999999999998
 31
7.7
  0
LINE
  5
3E4
330
17
100
AcDbEntity
  8
3D_LUMINARIAS_HIGHBAY
100
AcDbLine
 10
7.15
 20
31.349999999999998
 30
7.5
 11
7.15
 21
31.349999999999998
 31
7.7
  0
LINE
  5
3E5
330
17
100
AcDbEntity
  8
3D_LUMINARIAS_HIGHBAY
100
AcDbLine
 10
7.5
 20
31.0
 30
7.7
 11
7.5
 21
31.0
 31
8.0
  0
POLYLINE
  5
3E6
330
17
100
AcDbEntity
  8
3D_LUMINARIAS_HIGHBAY
100
AcDb3dPolyline
 66
1
 10
0.0
 20
0.0
 30
0.0
 70
8
  0
VERTEX
  5
3E8
330
17
100
AcDbEntity
  8
3D_LUMINARIAS_HIGHBAY
100
AcDbVertex
100
AcDb3dPolylineVertex
 10
7.15
 20
34.65
 30
7.5
 70
32
  0
VERTEX
  5
3E9
330
17
100
AcDbEntity
  8
3D_LUMINARIAS_HIGHBAY
100
AcDbVertex
100
AcDb3dPolylineVertex
 10
7.8500000000000005
 20
34.65
 30
7.5
 70
32
  0
VERTEX
  5
3EA
330
17
100
AcDbEntity
  8
3D_LUMINARIAS_HIGHBAY
100
AcDbVertex
100
AcDb3dPolylineVertex
 10
7.8500000000000005
 20
35.35
 30
7.5
 70
32
  0
VERTEX
  5
3EB
330
17
100
AcDbEntity
  8
3D_LUMINARIAS_HIGHBAY
100
AcDbVertex
100
AcDb3dPolylineVertex
 10
7.15
 20
35.35
 30
7.5
 70
32
  0
VERTEX
  5
3EC
330
17
100
AcDbEntity
  8
3D_LUMINARIAS_HIGHBAY
100
AcDbVertex
100
AcDb3dPolylineVertex
 10
7.15
 20
34.65
 30
7.5
 70
32
  0
SEQEND
  5
3E7
330
3E6
100
AcDbEntity
  8
3D_LUMINARIAS_HIGHBAY
  0
POLYLINE
  5
3ED
330
17
100
AcDbEntity
  8
3D_LUMINARIAS_HIGHBAY
100
AcDb3dPolyline
 66
1
 10
0.0
 20
0.0
 30
0.0
 70
8
  0
VERTEX
  5
3EF
330
17
100
AcDbEntity
  8
3D_LUMINARIAS_HIGHBAY
100
AcDbVertex
100
AcDb3dPolylineVertex
 10
7.15
 20
34.65
 30
7.7
 70
32
  0
VERTEX
  5
3F0
330
17
100
AcDbEntity
  8
3D_LUMINARIAS_HIGHBAY
100
AcDbVertex
100
AcDb3dPolylineVertex
 10
7.8500000000000005
 20
34.65
 30
7.7
 70
32
  0
VERTEX
  5
3F1
330
17
100
AcDbEntity
  8
3D_LUMINARIAS_HIGHBAY
100
AcDbVertex
100
AcDb3dPolylineVertex
 10
7.8500000000000005
 20
35.35
 30
7.7
 70
32
  0
VERTEX
  5
3F2
330
17
100
AcDbEntity
  8
3D_LUMINARIAS_HIGHBAY
100
AcDbVertex
100
AcDb3dPolylineVertex
 10
7.15
 20
35.35
 30
7.7
 70
32
  0
VERTEX
  5
3F3
330
17
100
AcDbEntity
  8
3D_LUMINARIAS_HIGHBAY
100
AcDbVertex
100
AcDb3dPolylineVertex
 10
7.15
 20
34.65
 30
7.7
 70
32
  0
SEQEND
  5
3EE
330
3ED
100
AcDbEntity
  8
3D_LUMINARIAS_HIGHBAY
  0
LINE
  5
3F4
330
17
100
AcDbEntity
  8
3D_LUMINARIAS_HIGHBAY
100
AcDbLine
 10
7.15
 20
34.65
 30
7.5
 11
7.15
 21
34.65
 31
7.7
  0
LINE
  5
3F5
330
17
100
AcDbEntity
  8
3D_LUMINARIAS_HIGHBAY
100
AcDbLine
 10
7.8500000000000005
 20
34.65
 30
7.5
 11
7.8500000000000005
 21
34.65
 31
7.7
  0
LINE
  5
3F6
330
17
100
AcDbEntity
  8
3D_LUMINARIAS_HIGHBAY
100
AcDbLine
 10
7.8500000000000005
 20
35.35
 30
7.5
 11
7.8500000000000005
 21
35.35
 31
7.7
  0
LINE
  5
3F7
330
17
100
AcDbEntity
  8
3D_LUMINARIAS_HIGHBAY
100
AcDbLine
 10
7.15
 20
35.35
 30
7.5
 11
7.15
 21
35.35
 31
7.7
  0
LINE
  5
3F8
330
17
100
AcDbEntity
  8
3D_LUMINARIAS_HIGHBAY
100
AcDbLine
 10
7.5
 20
35.0
 30
7.7
 11
7.5
 21
35.0
 31
8.0
  0
POLYLINE
  5
3F9
330
17
100
AcDbEntity
  8
3D_LUMINARIAS_HIGHBAY
100
AcDb3dPolyline
 66
1
 10
0.0
 20
0.0
 30
0.0
 70
8
  0
VERTEX
  5
3FB
330
17
100
AcDbEntity
  8
3D_LUMINARIAS_HIGHBAY
100
AcDbVertex
100
AcDb3dPolylineVertex
 10
7.15
 20
38.65
 30
7.5
 70
32
  0
VERTEX
  5
3FC
330
17
100
AcDbEntity
  8
3D_LUMINARIAS_HIGHBAY
100
AcDbVertex
100
AcDb3dPolylineVertex
 10
7.8500000000000005
 20
38.65
 30
7.5
 70
32
  0
VERTEX
  5
3FD
330
17
100
AcDbEntity
  8
3D_LUMINARIAS_HIGHBAY
100
AcDbVertex
100
AcDb3dPolylineVertex
 10
7.8500000000000005
 20
39.35
 30
7.5
 70
32
  0
VERTEX
  5
3FE
330
17
100
AcDbEntity
  8
3D_LUMINARIAS_HIGHBAY
100
AcDbVertex
100
AcDb3dPolylineVertex
 10
7.15
 20
39.35
 30
7.5
 70
32
  0
VERTEX
  5
3FF
330
17
100
AcDbEntity
  8
3D_LUMINARIAS_HIGHBAY
100
AcDbVertex
100
AcDb3dPolylineVertex
 10
7.15
 20
38.65
 30
7.5
 70
32
  0
SEQEND
  5
3FA
330
3F9
100
AcDbEntity
  8
3D_LUMINARIAS_HIGHBAY
  0
POLYLINE
  5
400
330
17
100
AcDbEntity
  8
3D_LUMINARIAS_HIGHBAY
100
AcDb3dPolyline
 66
1
 10
0.0
 20
0.0
 30
0.0
 70
8
  0
VERTEX
  5
402
330
17
100
AcDbEntity
  8
3D_LUMINARIAS_HIGHBAY
100
AcDbVertex
100
AcDb3dPolylineVertex
 10
7.15
 20
38.65
 30
7.7
 70
32
  0
VERTEX
  5
403
330
17
100
AcDbEntity
  8
3D_LUMINARIAS_HIGHBAY
100
AcDbVertex
100
AcDb3dPolylineVertex
 10
7.8500000000000005
 20
38.65
 30
7.7
 70
32
  0
VERTEX
  5
404
330
17
100
AcDbEntity
  8
3D_LUMINARIAS_HIGHBAY
100
AcDbVertex
100
AcDb3dPolylineVertex
 10
7.8500000000000005
 20
39.35
 30
7.7
 70
32
  0
VERTEX
  5
405
330
17
100
AcDbEntity
  8
3D_LUMINARIAS_HIGHBAY
100
AcDbVertex
100
AcDb3dPolylineVertex
 10
7.15
 20
39.35
 30
7.7
 70
32
  0
VERTEX
  5
406
330
17
100
AcDbEntity
  8
3D_LUMINARIAS_HIGHBAY
100
AcDbVertex
100
AcDb3dPolylineVertex
 10
7.15
 20
38.65
 30
7.7
 70
32
  0
SEQEND
  5
401
330
400
100
AcDbEntity
  8
3D_LUMINARIAS_HIGHBAY
  0
LINE
  5
407
330
17
100
AcDbEntity
  8
3D_LUMINARIAS_HIGHBAY
100
AcDbLine
 10
7.15
 20
38.65
 30
7.5
 11
7.15
 21
38.65
 31
7.7
  0
LINE
  5
408
330
17
100
AcDbEntity
  8
3D_LUMINARIAS_HIGHBAY
100
AcDbLine
 10
7.8500000000000005
 20
38.65
 30
7.5
 11
7.8500000000000005
 21
38.65
 31
7.7
  0
LINE
  5
409
330
17
100
AcDbEntity
  8
3D_LUMINARIAS_HIGHBAY
100
AcDbLine
 10
7.8500000000000005
 20
39.35
 30
7.5
 11
7.8500000000000005
 21
39.35
 31
7.7
  0
LINE
  5
40A
330
17
100
AcDbEntity
  8
3D_LUMINARIAS_HIGHBAY
100
AcDbLine
 10
7.15
 20
39.35
 30
7.5
 11
7.15
 21
39.35
 31
7.7
  0
LINE
  5
40B
330
17
100
AcDbEntity
  8
3D_LUMINARIAS_HIGHBAY
100
AcDbLine
 10
7.5
 20
39.0
 30
7.7
 11
7.5
 21
39.0
 31
8.0
  0
POLYLINE
  5
40C
330
17
100
AcDbEntity
  8
3D_LUMINARIAS_HIGHBAY
100
AcDb3dPolyline
 66
1
 10
0.0
 20
0.0
 30
0.0
 70
8
  0
VERTEX
  5
40E
330
17
100
AcDbEntity
  8
3D_LUMINARIAS_HIGHBAY
100
AcDbVertex
100
AcDb3dPolylineVertex
 10
12.15
 20
6.65
 30
7.5
 70
32
  0
VERTEX
  5
40F
330
17
100
AcDbEntity
  8
3D_LUMINARIAS_HIGHBAY
100
AcDbVertex
100
AcDb3dPolylineVertex
 10
12.85
 20
6.65
 30
7.5
 70
32
  0
VERTEX
  5
410
330
17
100
AcDbEntity
  8
3D_LUMINARIAS_HIGHBAY
100
AcDbVertex
100
AcDb3dPolylineVertex
 10
12.85
 20
7.3500000000000005
 30
7.5
 70
32
  0
VERTEX
  5
411
330
17
100
AcDbEntity
  8
3D_LUMINARIAS_HIGHBAY
100
AcDbVertex
100
AcDb3dPolylineVertex
 10
12.15
 20
7.3500000000000005
 30
7.5
 70
32
  0
VERTEX
  5
412
330
17
100
AcDbEntity
  8
3D_LUMINARIAS_HIGHBAY
100
AcDbVertex
100
AcDb3dPolylineVertex
 10
12.15
 20
6.65
 30
7.5
 70
32
  0
SEQEND
  5
40D
330
40C
100
AcDbEntity
  8
3D_LUMINARIAS_HIGHBAY
  0
POLYLINE
  5
413
330
17
100
AcDbEntity
  8
3D_LUMINARIAS_HIGHBAY
100
AcDb3dPolyline
 66
1
 10
0.0
 20
0.0
 30
0.0
 70
8
  0
VERTEX
  5
415
330
17
100
AcDbEntity
  8
3D_LUMINARIAS_HIGHBAY
100
AcDbVertex
100
AcDb3dPolylineVertex
 10
12.15
 20
6.65
 30
7.7
 70
32
  0
VERTEX
  5
416
330
17
100
AcDbEntity
  8
3D_LUMINARIAS_HIGHBAY
100
AcDbVertex
100
AcDb3dPolylineVertex
 10
12.85
 20
6.65
 30
7.7
 70
32
  0
VERTEX
  5
417
330
17
100
AcDbEntity
  8
3D_LUMINARIAS_HIGHBAY
100
AcDbVertex
100
AcDb3dPolylineVertex
 10
12.85
 20
7.3500000000000005
 30
7.7
 70
32
  0
VERTEX
  5
418
330
17
100
AcDbEntity
  8
3D_LUMINARIAS_HIGHBAY
100
AcDbVertex
100
AcDb3dPolylineVertex
 10
12.15
 20
7.3500000000000005
 30
7.7
 70
32
  0
VERTEX
  5
419
330
17
100
AcDbEntity
  8
3D_LUMINARIAS_HIGHBAY
100
AcDbVertex
100
AcDb3dPolylineVertex
 10
12.15
 20
6.65
 30
7.7
 70
32
  0
SEQEND
  5
414
330
413
100
AcDbEntity
  8
3D_LUMINARIAS_HIGHBAY
  0
LINE
  5
41A
330
17
100
AcDbEntity
  8
3D_LUMINARIAS_HIGHBAY
100
AcDbLine
 10
12.15
 20
6.65
 30
7.5
 11
12.15
 21
6.65
 31
7.7
  0
LINE
  5
41B
330
17
100
AcDbEntity
  8
3D_LUMINARIAS_HIGHBAY
100
AcDbLine
 10
12.85
 20
6.65
 30
7.5
 11
12.85
 21
6.65
 31
7.7
  0
LINE
  5
41C
330
17
100
AcDbEntity
  8
3D_LUMINARIAS_HIGHBAY
100
AcDbLine
 10
12.85
 20
7.3500000000000005
 30
7.5
 11
12.85
 21
7.3500000000000005
 31
7.7
  0
LINE
  5
41D
330
17
100
AcDbEntity
  8
3D_LUMINARIAS_HIGHBAY
100
AcDbLine
 10
12.15
 20
7.3500000000000005
 30
7.5
 11
12.15
 21
7.3500000000000005
 31
7.7
  0
LINE
  5
41E
330
17
100
AcDbEntity
  8
3D_LUMINARIAS_HIGHBAY
100
AcDbLine
 10
12.5
 20
7.0
 30
7.7
 11
12.5
 21
7.0
 31
8.0
  0
POLYLINE
  5
41F
330
17
100
AcDbEntity
  8
3D_LUMINARIAS_HIGHBAY
100
AcDb3dPolyline
 66
1
 10
0.0
 20
0.0
 30
0.0
 70
8
  0
VERTEX
  5
421
330
17
100
AcDbEntity
  8
3D_LUMINARIAS_HIGHBAY
100
AcDbVertex
100
AcDb3dPolylineVertex
 10
12.15
 20
10.65
 30
7.5
 70
32
  0
VERTEX
  5
422
330
17
100
AcDbEntity
  8
3D_LUMINARIAS_HIGHBAY
100
AcDbVertex
100
AcDb3dPolylineVertex
 10
12.85
 20
10.65
 30
7.5
 70
32
  0
VERTEX
  5
423
330
17
100
AcDbEntity
  8
3D_LUMINARIAS_HIGHBAY
100
AcDbVertex
100
AcDb3dPolylineVertex
 10
12.85
 20
11.35
 30
7.5
 70
32
  0
VERTEX
  5
424
330
17
100
AcDbEntity
  8
3D_LUMINARIAS_HIGHBAY
100
AcDbVertex
100
AcDb3dPolylineVertex
 10
12.15
 20
11.35
 30
7.5
 70
32
  0
VERTEX
  5
425
330
17
100
AcDbEntity
  8
3D_LUMINARIAS_HIGHBAY
100
AcDbVertex
100
AcDb3dPolylineVertex
 10
12.15
 20
10.65
 30
7.5
 70
32
  0
SEQEND
  5
420
330
41F
100
AcDbEntity
  8
3D_LUMINARIAS_HIGHBAY
  0
POLYLINE
  5
426
330
17
100
AcDbEntity
  8
3D_LUMINARIAS_HIGHBAY
100
AcDb3dPolyline
 66
1
 10
0.0
 20
0.0
 30
0.0
 70
8
  0
VERTEX
  5
428
330
17
100
AcDbEntity
  8
3D_LUMINARIAS_HIGHBAY
100
AcDbVertex
100
AcDb3dPolylineVertex
 10
12.15
 20
10.65
 30
7.7
 70
32
  0
VERTEX
  5
429
330
17
100
AcDbEntity
  8
3D_LUMINARIAS_HIGHBAY
100
AcDbVertex
100
AcDb3dPolylineVertex
 10
12.85
 20
10.65
 30
7.7
 70
32
  0
VERTEX
  5
42A
330
17
100
AcDbEntity
  8
3D_LUMINARIAS_HIGHBAY
100
AcDbVertex
100
AcDb3dPolylineVertex
 10
12.85
 20
11.35
 30
7.7
 70
32
  0
VERTEX
  5
42B
330
17
100
AcDbEntity
  8
3D_LUMINARIAS_HIGHBAY
100
AcDbVertex
100
AcDb3dPolylineVertex
 10
12.15
 20
11.35
 30
7.7
 70
32
  0
VERTEX
  5
42C
330
17
100
AcDbEntity
  8
3D_LUMINARIAS_HIGHBAY
100
AcDbVertex
100
AcDb3dPolylineVertex
 10
12.15
 20
10.65
 30
7.7
 70
32
  0
SEQEND
  5
427
330
426
100
AcDbEntity
  8
3D_LUMINARIAS_HIGHBAY
  0
LINE
  5
42D
330
17
100
AcDbEntity
  8
3D_LUMINARIAS_HIGHBAY
100
AcDbLine
 10
12.15
 20
10.65
 30
7.5
 11
12.15
 21
10.65
 31
7.7
  0
LINE
  5
42E
330
17
100
AcDbEntity
  8
3D_LUMINARIAS_HIGHBAY
100
AcDbLine
 10
12.85
 20
10.65
 30
7.5
 11
12.85
 21
10.65
 31
7.7
  0
LINE
  5
42F
330
17
100
AcDbEntity
  8
3D_LUMINARIAS_HIGHBAY
100
AcDbLine
 10
12.85
 20
11.35
 30
7.5
 11
12.85
 21
11.35
 31
7.7
  0
LINE
  5
430
330
17
100
AcDbEntity
  8
3D_LUMINARIAS_HIGHBAY
100
AcDbLine
 10
12.15
 20
11.35
 30
7.5
 11
12.15
 21
11.35
 31
7.7
  0
LINE
  5
431
330
17
100
AcDbEntity
  8
3D_LUMINARIAS_HIGHBAY
100
AcDbLine
 10
12.5
 20
11.0
 30
7.7
 11
12.5
 21
11.0
 31
8.0
  0
POLYLINE
  5
432
330
17
100
AcDbEntity
  8
3D_LUMINARIAS_HIGHBAY
100
AcDb3dPolyline
 66
1
 10
0.0
 20
0.0
 30
0.0
 70
8
  0
VERTEX
  5
434
330
17
100
AcDbEntity
  8
3D_LUMINARIAS_HIGHBAY
100
AcDbVertex
100
AcDb3dPolylineVertex
 10
12.15
 20
14.65
 30
7.5
 70
32
  0
VERTEX
  5
435
330
17
100
AcDbEntity
  8
3D_LUMINARIAS_HIGHBAY
100
AcDbVertex
100
AcDb3dPolylineVertex
 10
12.85
 20
14.65
 30
7.5
 70
32
  0
VERTEX
  5
436
330
17
100
AcDbEntity
  8
3D_LUMINARIAS_HIGHBAY
100
AcDbVertex
100
AcDb3dPolylineVertex
 10
12.85
 20
15.35
 30
7.5
 70
32
  0
VERTEX
  5
437
330
17
100
AcDbEntity
  8
3D_LUMINARIAS_HIGHBAY
100
AcDbVertex
100
AcDb3dPolylineVertex
 10
12.15
 20
15.35
 30
7.5
 70
32
  0
VERTEX
  5
438
330
17
100
AcDbEntity
  8
3D_LUMINARIAS_HIGHBAY
100
AcDbVertex
100
AcDb3dPolylineVertex
 10
12.15
 20
14.65
 30
7.5
 70
32
  0
SEQEND
  5
433
330
432
100
AcDbEntity
  8
3D_LUMINARIAS_HIGHBAY
  0
POLYLINE
  5
439
330
17
100
AcDbEntity
  8
3D_LUMINARIAS_HIGHBAY
100
AcDb3dPolyline
 66
1
 10
0.0
 20
0.0
 30
0.0
 70
8
  0
VERTEX
  5
43B
330
17
100
AcDbEntity
  8
3D_LUMINARIAS_HIGHBAY
100
AcDbVertex
100
AcDb3dPolylineVertex
 10
12.15
 20
14.65
 30
7.7
 70
32
  0
VERTEX
  5
43C
330
17
100
AcDbEntity
  8
3D_LUMINARIAS_HIGHBAY
100
AcDbVertex
100
AcDb3dPolylineVertex
 10
12.85
 20
14.65
 30
7.7
 70
32
  0
VERTEX
  5
43D
330
17
100
AcDbEntity
  8
3D_LUMINARIAS_HIGHBAY
100
AcDbVertex
100
AcDb3dPolylineVertex
 10
12.85
 20
15.35
 30
7.7
 70
32
  0
VERTEX
  5
43E
330
17
100
AcDbEntity
  8
3D_LUMINARIAS_HIGHBAY
100
AcDbVertex
100
AcDb3dPolylineVertex
 10
12.15
 20
15.35
 30
7.7
 70
32
  0
VERTEX
  5
43F
330
17
100
AcDbEntity
  8
3D_LUMINARIAS_HIGHBAY
100
AcDbVertex
100
AcDb3dPolylineVertex
 10
12.15
 20
14.65
 30
7.7
 70
32
  0
SEQEND
  5
43A
330
439
100
AcDbEntity
  8
3D_LUMINARIAS_HIGHBAY
  0
LINE
  5
440
330
17
100
AcDbEntity
  8
3D_LUMINARIAS_HIGHBAY
100
AcDbLine
 10
12.15
 20
14.65
 30
7.5
 11
12.15
 21
14.65
 31
7.7
  0
LINE
  5
441
330
17
100
AcDbEntity
  8
3D_LUMINARIAS_HIGHBAY
100
AcDbLine
 10
12.85
 20
14.65
 30
7.5
 11
12.85
 21
14.65
 31
7.7
  0
LINE
  5
442
330
17
100
AcDbEntity
  8
3D_LUMINARIAS_HIGHBAY
100
AcDbLine
 10
12.85
 20
15.35
 30
7.5
 11
12.85
 21
15.35
 31
7.7
  0
LINE
  5
443
330
17
100
AcDbEntity
  8
3D_LUMINARIAS_HIGHBAY
100
AcDbLine
 10
12.15
 20
15.35
 30
7.5
 11
12.15
 21
15.35
 31
7.7
  0
LINE
  5
444
330
17
100
AcDbEntity
  8
3D_LUMINARIAS_HIGHBAY
100
AcDbLine
 10
12.5
 20
15.0
 30
7.7
 11
12.5
 21
15.0
 31
8.0
  0
POLYLINE
  5
445
330
17
100
AcDbEntity
  8
3D_LUMINARIAS_HIGHBAY
100
AcDb3dPolyline
 66
1
 10
0.0
 20
0.0
 30
0.0
 70
8
  0
VERTEX
  5
447
330
17
100
AcDbEntity
  8
3D_LUMINARIAS_HIGHBAY
100
AcDbVertex
100
AcDb3dPolylineVertex
 10
12.15
 20
18.65
 30
7.5
 70
32
  0
VERTEX
  5
448
330
17
100
AcDbEntity
  8
3D_LUMINARIAS_HIGHBAY
100
AcDbVertex
100
AcDb3dPolylineVertex
 10
12.85
 20
18.65
 30
7.5
 70
32
  0
VERTEX
  5
449
330
17
100
AcDbEntity
  8
3D_LUMINARIAS_HIGHBAY
100
AcDbVertex
100
AcDb3dPolylineVertex
 10
12.85
 20
19.349999999999998
 30
7.5
 70
32
  0
VERTEX
  5
44A
330
17
100
AcDbEntity
  8
3D_LUMINARIAS_HIGHBAY
100
AcDbVertex
100
AcDb3dPolylineVertex
 10
12.15
 20
19.349999999999998
 30
7.5
 70
32
  0
VERTEX
  5
44B
330
17
100
AcDbEntity
  8
3D_LUMINARIAS_HIGHBAY
100
AcDbVertex
100
AcDb3dPolylineVertex
 10
12.15
 20
18.65
 30
7.5
 70
32
  0
SEQEND
  5
446
330
445
100
AcDbEntity
  8
3D_LUMINARIAS_HIGHBAY
  0
POLYLINE
  5
44C
330
17
100
AcDbEntity
  8
3D_LUMINARIAS_HIGHBAY
100
AcDb3dPolyline
 66
1
 10
0.0
 20
0.0
 30
0.0
 70
8
  0
VERTEX
  5
44E
330
17
100
AcDbEntity
  8
3D_LUMINARIAS_HIGHBAY
100
AcDbVertex
100
AcDb3dPolylineVertex
 10
12.15
 20
18.65
 30
7.7
 70
32
  0
VERTEX
  5
44F
330
17
100
AcDbEntity
  8
3D_LUMINARIAS_HIGHBAY
100
AcDbVertex
100
AcDb3dPolylineVertex
 10
12.85
 20
18.65
 30
7.7
 70
32
  0
VERTEX
  5
450
330
17
100
AcDbEntity
  8
3D_LUMINARIAS_HIGHBAY
100
AcDbVertex
100
AcDb3dPolylineVertex
 10
12.85
 20
19.349999999999998
 30
7.7
 70
32
  0
VERTEX
  5
451
330
17
100
AcDbEntity
  8
3D_LUMINARIAS_HIGHBAY
100
AcDbVertex
100
AcDb3dPolylineVertex
 10
12.15
 20
19.349999999999998
 30
7.7
 70
32
  0
VERTEX
  5
452
330
17
100
AcDbEntity
  8
3D_LUMINARIAS_HIGHBAY
100
AcDbVertex
100
AcDb3dPolylineVertex
 10
12.15
 20
18.65
 30
7.7
 70
32
  0
SEQEND
  5
44D
330
44C
100
AcDbEntity
  8
3D_LUMINARIAS_HIGHBAY
  0
LINE
  5
453
330
17
100
AcDbEntity
  8
3D_LUMINARIAS_HIGHBAY
100
AcDbLine
 10
12.15
 20
18.65
 30
7.5
 11
12.15
 21
18.65
 31
7.7
  0
LINE
  5
454
330
17
100
AcDbEntity
  8
3D_LUMINARIAS_HIGHBAY
100
AcDbLine
 10
12.85
 20
18.65
 30
7.5
 11
12.85
 21
18.65
 31
7.7
  0
LINE
  5
455
330
17
100
AcDbEntity
  8
3D_LUMINARIAS_HIGHBAY
100
AcDbLine
 10
12.85
 20
19.349999999999998
 30
7.5
 11
12.85
 21
19.349999999999998
 31
7.7
  0
LINE
  5
456
330
17
100
AcDbEntity
  8
3D_LUMINARIAS_HIGHBAY
100
AcDbLine
 10
12.15
 20
19.349999999999998
 30
7.5
 11
12.15
 21
19.349999999999998
 31
7.7
  0
LINE
  5
457
330
17
100
AcDbEntity
  8
3D_LUMINARIAS_HIGHBAY
100
AcDbLine
 10
12.5
 20
19.0
 30
7.7
 11
12.5
 21
19.0
 31
8.0
  0
POLYLINE
  5
458
330
17
100
AcDbEntity
  8
3D_LUMINARIAS_HIGHBAY
100
AcDb3dPolyline
 66
1
 10
0.0
 20
0.0
 30
0.0
 70
8
  0
VERTEX
  5
45A
330
17
100
AcDbEntity
  8
3D_LUMINARIAS_HIGHBAY
100
AcDbVertex
100
AcDb3dPolylineVertex
 10
12.15
 20
22.65
 30
7.5
 70
32
  0
VERTEX
  5
45B
330
17
100
AcDbEntity
  8
3D_LUMINARIAS_HIGHBAY
100
AcDbVertex
100
AcDb3dPolylineVertex
 10
12.85
 20
22.65
 30
7.5
 70
32
  0
VERTEX
  5
45C
330
17
100
AcDbEntity
  8
3D_LUMINARIAS_HIGHBAY
100
AcDbVertex
100
AcDb3dPolylineVertex
 10
12.85
 20
23.349999999999998
 30
7.5
 70
32
  0
VERTEX
  5
45D
330
17
100
AcDbEntity
  8
3D_LUMINARIAS_HIGHBAY
100
AcDbVertex
100
AcDb3dPolylineVertex
 10
12.15
 20
23.349999999999998
 30
7.5
 70
32
  0
VERTEX
  5
45E
330
17
100
AcDbEntity
  8
3D_LUMINARIAS_HIGHBAY
100
AcDbVertex
100
AcDb3dPolylineVertex
 10
12.15
 20
22.65
 30
7.5
 70
32
  0
SEQEND
  5
459
330
458
100
AcDbEntity
  8
3D_LUMINARIAS_HIGHBAY
  0
POLYLINE
  5
45F
330
17
100
AcDbEntity
  8
3D_LUMINARIAS_HIGHBAY
100
AcDb3dPolyline
 66
1
 10
0.0
 20
0.0
 30
0.0
 70
8
  0
VERTEX
  5
461
330
17
100
AcDbEntity
  8
3D_LUMINARIAS_HIGHBAY
100
AcDbVertex
100
AcDb3dPolylineVertex
 10
12.15
 20
22.65
 30
7.7
 70
32
  0
VERTEX
  5
462
330
17
100
AcDbEntity
  8
3D_LUMINARIAS_HIGHBAY
100
AcDbVertex
100
AcDb3dPolylineVertex
 10
12.85
 20
22.65
 30
7.7
 70
32
  0
VERTEX
  5
463
330
17
100
AcDbEntity
  8
3D_LUMINARIAS_HIGHBAY
100
AcDbVertex
100
AcDb3dPolylineVertex
 10
12.85
 20
23.349999999999998
 30
7.7
 70
32
  0
VERTEX
  5
464
330
17
100
AcDbEntity
  8
3D_LUMINARIAS_HIGHBAY
100
AcDbVertex
100
AcDb3dPolylineVertex
 10
12.15
 20
23.349999999999998
 30
7.7
 70
32
  0
VERTEX
  5
465
330
17
100
AcDbEntity
  8
3D_LUMINARIAS_HIGHBAY
100
AcDbVertex
100
AcDb3dPolylineVertex
 10
12.15
 20
22.65
 30
7.7
 70
32
  0
SEQEND
  5
460
330
45F
100
AcDbEntity
  8
3D_LUMINARIAS_HIGHBAY
  0
LINE
  5
466
330
17
100
AcDbEntity
  8
3D_LUMINARIAS_HIGHBAY
100
AcDbLine
 10
12.15
 20
22.65
 30
7.5
 11
12.15
 21
22.65
 31
7.7
  0
LINE
  5
467
330
17
100
AcDbEntity
  8
3D_LUMINARIAS_HIGHBAY
100
AcDbLine
 10
12.85
 20
22.65
 30
7.5
 11
12.85
 21
22.65
 31
7.7
  0
LINE
  5
468
330
17
100
AcDbEntity
  8
3D_LUMINARIAS_HIGHBAY
100
AcDbLine
 10
12.85
 20
23.349999999999998
 30
7.5
 11
12.85
 21
23.349999999999998
 31
7.7
  0
LINE
  5
469
330
17
100
AcDbEntity
  8
3D_LUMINARIAS_HIGHBAY
100
AcDbLine
 10
12.15
 20
23.349999999999998
 30
7.5
 11
12.15
 21
23.349999999999998
 31
7.7
  0
LINE
  5
46A
330
17
100
AcDbEntity
  8
3D_LUMINARIAS_HIGHBAY
100
AcDbLine
 10
12.5
 20
23.0
 30
7.7
 11
12.5
 21
23.0
 31
8.0
  0
POLYLINE
  5
46B
330
17
100
AcDbEntity
  8
3D_LUMINARIAS_HIGHBAY
100
AcDb3dPolyline
 66
1
 10
0.0
 20
0.0
 30
0.0
 70
8
  0
VERTEX
  5
46D
330
17
100
AcDbEntity
  8
3D_LUMINARIAS_HIGHBAY
100
AcDbVertex
100
AcDb3dPolylineVertex
 10
12.15
 20
26.65
 30
7.5
 70
32
  0
VERTEX
  5
46E
330
17
100
AcDbEntity
  8
3D_LUMINARIAS_HIGHBAY
100
AcDbVertex
100
AcDb3dPolylineVertex
 10
12.85
 20
26.65
 30
7.5
 70
32
  0
VERTEX
  5
46F
330
17
100
AcDbEntity
  8
3D_LUMINARIAS_HIGHBAY
100
AcDbVertex
100
AcDb3dPolylineVertex
 10
12.85
 20
27.349999999999998
 30
7.5
 70
32
  0
VERTEX
  5
470
330
17
100
AcDbEntity
  8
3D_LUMINARIAS_HIGHBAY
100
AcDbVertex
100
AcDb3dPolylineVertex
 10
12.15
 20
27.349999999999998
 30
7.5
 70
32
  0
VERTEX
  5
471
330
17
100
AcDbEntity
  8
3D_LUMINARIAS_HIGHBAY
100
AcDbVertex
100
AcDb3dPolylineVertex
 10
12.15
 20
26.65
 30
7.5
 70
32
  0
SEQEND
  5
46C
330
46B
100
AcDbEntity
  8
3D_LUMINARIAS_HIGHBAY
  0
POLYLINE
  5
472
330
17
100
AcDbEntity
  8
3D_LUMINARIAS_HIGHBAY
100
AcDb3dPolyline
 66
1
 10
0.0
 20
0.0
 30
0.0
 70
8
  0
VERTEX
  5
474
330
17
100
AcDbEntity
  8
3D_LUMINARIAS_HIGHBAY
100
AcDbVertex
100
AcDb3dPolylineVertex
 10
12.15
 20
26.65
 30
7.7
 70
32
  0
VERTEX
  5
475
330
17
100
AcDbEntity
  8
3D_LUMINARIAS_HIGHBAY
100
AcDbVertex
100
AcDb3dPolylineVertex
 10
12.85
 20
26.65
 30
7.7
 70
32
  0
VERTEX
  5
476
330
17
100
AcDbEntity
  8
3D_LUMINARIAS_HIGHBAY
100
AcDbVertex
100
AcDb3dPolylineVertex
 10
12.85
 20
27.349999999999998
 30
7.7
 70
32
  0
VERTEX
  5
477
330
17
100
AcDbEntity
  8
3D_LUMINARIAS_HIGHBAY
100
AcDbVertex
100
AcDb3dPolylineVertex
 10
12.15
 20
27.349999999999998
 30
7.7
 70
32
  0
VERTEX
  5
478
330
17
100
AcDbEntity
  8
3D_LUMINARIAS_HIGHBAY
100
AcDbVertex
100
AcDb3dPolylineVertex
 10
12.15
 20
26.65
 30
7.7
 70
32
  0
SEQEND
  5
473
330
472
100
AcDbEntity
  8
3D_LUMINARIAS_HIGHBAY
  0
LINE
  5
479
330
17
100
AcDbEntity
  8
3D_LUMINARIAS_HIGHBAY
100
AcDbLine
 10
12.15
 20
26.65
 30
7.5
 11
12.15
 21
26.65
 31
7.7
  0
LINE
  5
47A
330
17
100
AcDbEntity
  8
3D_LUMINARIAS_HIGHBAY
100
AcDbLine
 10
12.85
 20
26.65
 30
7.5
 11
12.85
 21
26.65
 31
7.7
  0
LINE
  5
47B
330
17
100
AcDbEntity
  8
3D_LUMINARIAS_HIGHBAY
100
AcDbLine
 10
12.85
 20
27.349999999999998
 30
7.5
 11
12.85
 21
27.349999999999998
 31
7.7
  0
LINE
  5
47C
330
17
100
AcDbEntity
  8
3D_LUMINARIAS_HIGHBAY
100
AcDbLine
 10
12.15
 20
27.349999999999998
 30
7.5
 11
12.15
 21
27.349999999999998
 31
7.7
  0
LINE
  5
47D
330
17
100
AcDbEntity
  8
3D_LUMINARIAS_HIGHBAY
100
AcDbLine
 10
12.5
 20
27.0
 30
7.7
 11
12.5
 21
27.0
 31
8.0
  0
POLYLINE
  5
47E
330
17
100
AcDbEntity
  8
3D_LUMINARIAS_HIGHBAY
100
AcDb3dPolyline
 66
1
 10
0.0
 20
0.0
 30
0.0
 70
8
  0
VERTEX
  5
480
330
17
100
AcDbEntity
  8
3D_LUMINARIAS_HIGHBAY
100
AcDbVertex
100
AcDb3dPolylineVertex
 10
12.15
 20
30.65
 30
7.5
 70
32
  0
VERTEX
  5
481
330
17
100
AcDbEntity
  8
3D_LUMINARIAS_HIGHBAY
100
AcDbVertex
100
AcDb3dPolylineVertex
 10
12.85
 20
30.65
 30
7.5
 70
32
  0
VERTEX
  5
482
330
17
100
AcDbEntity
  8
3D_LUMINARIAS_HIGHBAY
100
AcDbVertex
100
AcDb3dPolylineVertex
 10
12.85
 20
31.349999999999998
 30
7.5
 70
32
  0
VERTEX
  5
483
330
17
100
AcDbEntity
  8
3D_LUMINARIAS_HIGHBAY
100
AcDbVertex
100
AcDb3dPolylineVertex
 10
12.15
 20
31.349999999999998
 30
7.5
 70
32
  0
VERTEX
  5
484
330
17
100
AcDbEntity
  8
3D_LUMINARIAS_HIGHBAY
100
AcDbVertex
100
AcDb3dPolylineVertex
 10
12.15
 20
30.65
 30
7.5
 70
32
  0
SEQEND
  5
47F
330
47E
100
AcDbEntity
  8
3D_LUMINARIAS_HIGHBAY
  0
POLYLINE
  5
485
330
17
100
AcDbEntity
  8
3D_LUMINARIAS_HIGHBAY
100
AcDb3dPolyline
 66
1
 10
0.0
 20
0.0
 30
0.0
 70
8
  0
VERTEX
  5
487
330
17
100
AcDbEntity
  8
3D_LUMINARIAS_HIGHBAY
100
AcDbVertex
100
AcDb3dPolylineVertex
 10
12.15
 20
30.65
 30
7.7
 70
32
  0
VERTEX
  5
488
330
17
100
AcDbEntity
  8
3D_LUMINARIAS_HIGHBAY
100
AcDbVertex
100
AcDb3dPolylineVertex
 10
12.85
 20
30.65
 30
7.7
 70
32
  0
VERTEX
  5
489
330
17
100
AcDbEntity
  8
3D_LUMINARIAS_HIGHBAY
100
AcDbVertex
100
AcDb3dPolylineVertex
 10
12.85
 20
31.349999999999998
 30
7.7
 70
32
  0
VERTEX
  5
48A
330
17
100
AcDbEntity
  8
3D_LUMINARIAS_HIGHBAY
100
AcDbVertex
100
AcDb3dPolylineVertex
 10
12.15
 20
31.349999999999998
 30
7.7
 70
32
  0
VERTEX
  5
48B
330
17
100
AcDbEntity
  8
3D_LUMINARIAS_HIGHBAY
100
AcDbVertex
100
AcDb3dPolylineVertex
 10
12.15
 20
30.65
 30
7.7
 70
32
  0
SEQEND
  5
486
330
485
100
AcDbEntity
  8
3D_LUMINARIAS_HIGHBAY
  0
LINE
  5
48C
330
17
100
AcDbEntity
  8
3D_LUMINARIAS_HIGHBAY
100
AcDbLine
 10
12.15
 20
30.65
 30
7.5
 11
12.15
 21
30.65
 31
7.7
  0
LINE
  5
48D
330
17
100
AcDbEntity
  8
3D_LUMINARIAS_HIGHBAY
100
AcDbLine
 10
12.85
 20
30.65
 30
7.5
 11
12.85
 21
30.65
 31
7.7
  0
LINE
  5
48E
330
17
100
AcDbEntity
  8
3D_LUMINARIAS_HIGHBAY
100
AcDbLine
 10
12.85
 20
31.349999999999998
 30
7.5
 11
12.85
 21
31.349999999999998
 31
7.7
  0
LINE
  5
48F
330
17
100
AcDbEntity
  8
3D_LUMINARIAS_HIGHBAY
100
AcDbLine
 10
12.15
 20
31.349999999999998
 30
7.5
 11
12.15
 21
31.349999999999998
 31
7.7
  0
LINE
  5
490
330
17
100
AcDbEntity
  8
3D_LUMINARIAS_HIGHBAY
100
AcDbLine
 10
12.5
 20
31.0
 30
7.7
 11
12.5
 21
31.0
 31
8.0
  0
POLYLINE
  5
491
330
17
100
AcDbEntity
  8
3D_LUMINARIAS_HIGHBAY
100
AcDb3dPolyline
 66
1
 10
0.0
 20
0.0
 30
0.0
 70
8
  0
VERTEX
  5
493
330
17
100
AcDbEntity
  8
3D_LUMINARIAS_HIGHBAY
100
AcDbVertex
100
AcDb3dPolylineVertex
 10
12.15
 20
34.65
 30
7.5
 70
32
  0
VERTEX
  5
494
330
17
100
AcDbEntity
  8
3D_LUMINARIAS_HIGHBAY
100
AcDbVertex
100
AcDb3dPolylineVertex
 10
12.85
 20
34.65
 30
7.5
 70
32
  0
VERTEX
  5
495
330
17
100
AcDbEntity
  8
3D_LUMINARIAS_HIGHBAY
100
AcDbVertex
100
AcDb3dPolylineVertex
 10
12.85
 20
35.35
 30
7.5
 70
32
  0
VERTEX
  5
496
330
17
100
AcDbEntity
  8
3D_LUMINARIAS_HIGHBAY
100
AcDbVertex
100
AcDb3dPolylineVertex
 10
12.15
 20
35.35
 30
7.5
 70
32
  0
VERTEX
  5
497
330
17
100
AcDbEntity
  8
3D_LUMINARIAS_HIGHBAY
100
AcDbVertex
100
AcDb3dPolylineVertex
 10
12.15
 20
34.65
 30
7.5
 70
32
  0
SEQEND
  5
492
330
491
100
AcDbEntity
  8
3D_LUMINARIAS_HIGHBAY
  0
POLYLINE
  5
498
330
17
100
AcDbEntity
  8
3D_LUMINARIAS_HIGHBAY
100
AcDb3dPolyline
 66
1
 10
0.0
 20
0.0
 30
0.0
 70
8
  0
VERTEX
  5
49A
330
17
100
AcDbEntity
  8
3D_LUMINARIAS_HIGHBAY
100
AcDbVertex
100
AcDb3dPolylineVertex
 10
12.15
 20
34.65
 30
7.7
 70
32
  0
VERTEX
  5
49B
330
17
100
AcDbEntity
  8
3D_LUMINARIAS_HIGHBAY
100
AcDbVertex
100
AcDb3dPolylineVertex
 10
12.85
 20
34.65
 30
7.7
 70
32
  0
VERTEX
  5
49C
330
17
100
AcDbEntity
  8
3D_LUMINARIAS_HIGHBAY
100
AcDbVertex
100
AcDb3dPolylineVertex
 10
12.85
 20
35.35
 30
7.7
 70
32
  0
VERTEX
  5
49D
330
17
100
AcDbEntity
  8
3D_LUMINARIAS_HIGHBAY
100
AcDbVertex
100
AcDb3dPolylineVertex
 10
12.15
 20
35.35
 30
7.7
 70
32
  0
VERTEX
  5
49E
330
17
100
AcDbEntity
  8
3D_LUMINARIAS_HIGHBAY
100
AcDbVertex
100
AcDb3dPolylineVertex
 10
12.15
 20
34.65
 30
7.7
 70
32
  0
SEQEND
  5
499
330
498
100
AcDbEntity
  8
3D_LUMINARIAS_HIGHBAY
  0
LINE
  5
49F
330
17
100
AcDbEntity
  8
3D_LUMINARIAS_HIGHBAY
100
AcDbLine
 10
12.15
 20
34.65
 30
7.5
 11
12.15
 21
34.65
 31
7.7
  0
LINE
  5
4A0
330
17
100
AcDbEntity
  8
3D_LUMINARIAS_HIGHBAY
100
AcDbLine
 10
12.85
 20
34.65
 30
7.5
 11
12.85
 21
34.65
 31
7.7
  0
LINE
  5
4A1
330
17
100
AcDbEntity
  8
3D_LUMINARIAS_HIGHBAY
100
AcDbLine
 10
12.85
 20
35.35
 30
7.5
 11
12.85
 21
35.35
 31
7.7
  0
LINE
  5
4A2
330
17
100
AcDbEntity
  8
3D_LUMINARIAS_HIGHBAY
100
AcDbLine
 10
12.15
 20
35.35
 30
7.5
 11
12.15
 21
35.35
 31
7.7
  0
LINE
  5
4A3
330
17
100
AcDbEntity
  8
3D_LUMINARIAS_HIGHBAY
100
AcDbLine
 10
12.5
 20
35.0
 30
7.7
 11
12.5
 21
35.0
 31
8.0
  0
POLYLINE
  5
4A4
330
17
100
AcDbEntity
  8
3D_LUMINARIAS_HIGHBAY
100
AcDb3dPolyline
 66
1
 10
0.0
 20
0.0
 30
0.0
 70
8
  0
VERTEX
  5
4A6
330
17
100
AcDbEntity
  8
3D_LUMINARIAS_HIGHBAY
100
AcDbVertex
100
AcDb3dPolylineVertex
 10
12.15
 20
38.65
 30
7.5
 70
32
  0
VERTEX
  5
4A7
330
17
100
AcDbEntity
  8
3D_LUMINARIAS_HIGHBAY
100
AcDbVertex
100
AcDb3dPolylineVertex
 10
12.85
 20
38.65
 30
7.5
 70
32
  0
VERTEX
  5
4A8
330
17
100
AcDbEntity
  8
3D_LUMINARIAS_HIGHBAY
100
AcDbVertex
100
AcDb3dPolylineVertex
 10
12.85
 20
39.35
 30
7.5
 70
32
  0
VERTEX
  5
4A9
330
17
100
AcDbEntity
  8
3D_LUMINARIAS_HIGHBAY
100
AcDbVertex
100
AcDb3dPolylineVertex
 10
12.15
 20
39.35
 30
7.5
 70
32
  0
VERTEX
  5
4AA
330
17
100
AcDbEntity
  8
3D_LUMINARIAS_HIGHBAY
100
AcDbVertex
100
AcDb3dPolylineVertex
 10
12.15
 20
38.65
 30
7.5
 70
32
  0
SEQEND
  5
4A5
330
4A4
100
AcDbEntity
  8
3D_LUMINARIAS_HIGHBAY
  0
POLYLINE
  5
4AB
330
17
100
AcDbEntity
  8
3D_LUMINARIAS_HIGHBAY
100
AcDb3dPolyline
 66
1
 10
0.0
 20
0.0
 30
0.0
 70
8
  0
VERTEX
  5
4AD
330
17
100
AcDbEntity
  8
3D_LUMINARIAS_HIGHBAY
100
AcDbVertex
100
AcDb3dPolylineVertex
 10
12.15
 20
38.65
 30
7.7
 70
32
  0
VERTEX
  5
4AE
330
17
100
AcDbEntity
  8
3D_LUMINARIAS_HIGHBAY
100
AcDbVertex
100
AcDb3dPolylineVertex
 10
12.85
 20
38.65
 30
7.7
 70
32
  0
VERTEX
  5
4AF
330
17
100
AcDbEntity
  8
3D_LUMINARIAS_HIGHBAY
100
AcDbVertex
100
AcDb3dPolylineVertex
 10
12.85
 20
39.35
 30
7.7
 70
32
  0
VERTEX
  5
4B0
330
17
100
AcDbEntity
  8
3D_LUMINARIAS_HIGHBAY
100
AcDbVertex
100
AcDb3dPolylineVertex
 10
12.15
 20
39.35
 30
7.7
 70
32
  0
VERTEX
  5
4B1
330
17
100
AcDbEntity
  8
3D_LUMINARIAS_HIGHBAY
100
AcDbVertex
100
AcDb3dPolylineVertex
 10
12.15
 20
38.65
 30
7.7
 70
32
  0
SEQEND
  5
4AC
330
4AB
100
AcDbEntity
  8
3D_LUMINARIAS_HIGHBAY
  0
LINE
  5
4B2
330
17
100
AcDbEntity
  8
3D_LUMINARIAS_HIGHBAY
100
AcDbLine
 10
12.15
 20
38.65
 30
7.5
 11
12.15
 21
38.65
 31
7.7
  0
LINE
  5
4B3
330
17
100
AcDbEntity
  8
3D_LUMINARIAS_HIGHBAY
100
AcDbLine
 10
12.85
 20
38.65
 30
7.5
 11
12.85
 21
38.65
 31
7.7
  0
LINE
  5
4B4
330
17
100
AcDbEntity
  8
3D_LUMINARIAS_HIGHBAY
100
AcDbLine
 10
12.85
 20
39.35
 30
7.5
 11
12.85
 21
39.35
 31
7.7
  0
LINE
  5
4B5
330
17
100
AcDbEntity
  8
3D_LUMINARIAS_HIGHBAY
100
AcDbLine
 10
12.15
 20
39.35
 30
7.5
 11
12.15
 21
39.35
 31
7.7
  0
LINE
  5
4B6
330
17
100
AcDbEntity
  8
3D_LUMINARIAS_HIGHBAY
100
AcDbLine
 10
12.5
 20
39.0
 30
7.7
 11
12.5
 21
39.0
 31
8.0
  0
POLYLINE
  5
4B7
330
17
100
AcDbEntity
  8
3D_LUMINARIAS_HIGHBAY
100
AcDb3dPolyline
 66
1
 10
0.0
 20
0.0
 30
0.0
 70
8
  0
VERTEX
  5
4B9
330
17
100
AcDbEntity
  8
3D_LUMINARIAS_HIGHBAY
100
AcDbVertex
100
AcDb3dPolylineVertex
 10
16.15
 20
6.65
 30
7.5
 70
32
  0
VERTEX
  5
4BA
330
17
100
AcDbEntity
  8
3D_LUMINARIAS_HIGHBAY
100
AcDbVertex
100
AcDb3dPolylineVertex
 10
16.849999999999998
 20
6.65
 30
7.5
 70
32
  0
VERTEX
  5
4BB
330
17
100
AcDbEntity
  8
3D_LUMINARIAS_HIGHBAY
100
AcDbVertex
100
AcDb3dPolylineVertex
 10
16.849999999999998
 20
7.3500000000000005
 30
7.5
 70
32
  0
VERTEX
  5
4BC
330
17
100
AcDbEntity
  8
3D_LUMINARIAS_HIGHBAY
100
AcDbVertex
100
AcDb3dPolylineVertex
 10
16.15
 20
7.3500000000000005
 30
7.5
 70
32
  0
VERTEX
  5
4BD
330
17
100
AcDbEntity
  8
3D_LUMINARIAS_HIGHBAY
100
AcDbVertex
100
AcDb3dPolylineVertex
 10
16.15
 20
6.65
 30
7.5
 70
32
  0
SEQEND
  5
4B8
330
4B7
100
AcDbEntity
  8
3D_LUMINARIAS_HIGHBAY
  0
POLYLINE
  5
4BE
330
17
100
AcDbEntity
  8
3D_LUMINARIAS_HIGHBAY
100
AcDb3dPolyline
 66
1
 10
0.0
 20
0.0
 30
0.0
 70
8
  0
VERTEX
  5
4C0
330
17
100
AcDbEntity
  8
3D_LUMINARIAS_HIGHBAY
100
AcDbVertex
100
AcDb3dPolylineVertex
 10
16.15
 20
6.65
 30
7.7
 70
32
  0
VERTEX
  5
4C1
330
17
100
AcDbEntity
  8
3D_LUMINARIAS_HIGHBAY
100
AcDbVertex
100
AcDb3dPolylineVertex
 10
16.849999999999998
 20
6.65
 30
7.7
 70
32
  0
VERTEX
  5
4C2
330
17
100
AcDbEntity
  8
3D_LUMINARIAS_HIGHBAY
100
AcDbVertex
100
AcDb3dPolylineVertex
 10
16.849999999999998
 20
7.3500000000000005
 30
7.7
 70
32
  0
VERTEX
  5
4C3
330
17
100
AcDbEntity
  8
3D_LUMINARIAS_HIGHBAY
100
AcDbVertex
100
AcDb3dPolylineVertex
 10
16.15
 20
7.3500000000000005
 30
7.7
 70
32
  0
VERTEX
  5
4C4
330
17
100
AcDbEntity
  8
3D_LUMINARIAS_HIGHBAY
100
AcDbVertex
100
AcDb3dPolylineVertex
 10
16.15
 20
6.65
 30
7.7
 70
32
  0
SEQEND
  5
4BF
330
4BE
100
AcDbEntity
  8
3D_LUMINARIAS_HIGHBAY
  0
LINE
  5
4C5
330
17
100
AcDbEntity
  8
3D_LUMINARIAS_HIGHBAY
100
AcDbLine
 10
16.15
 20
6.65
 30
7.5
 11
16.15
 21
6.65
 31
7.7
  0
LINE
  5
4C6
330
17
100
AcDbEntity
  8
3D_LUMINARIAS_HIGHBAY
100
AcDbLine
 10
16.849999999999998
 20
6.65
 30
7.5
 11
16.849999999999998
 21
6.65
 31
7.7
  0
LINE
  5
4C7
330
17
100
AcDbEntity
  8
3D_LUMINARIAS_HIGHBAY
100
AcDbLine
 10
16.849999999999998
 20
7.3500000000000005
 30
7.5
 11
16.849999999999998
 21
7.3500000000000005
 31
7.7
  0
LINE
  5
4C8
330
17
100
AcDbEntity
  8
3D_LUMINARIAS_HIGHBAY
100
AcDbLine
 10
16.15
 20
7.3500000000000005
 30
7.5
 11
16.15
 21
7.3500000000000005
 31
7.7
  0
LINE
  5
4C9
330
17
100
AcDbEntity
  8
3D_LUMINARIAS_HIGHBAY
100
AcDbLine
 10
16.5
 20
7.0
 30
7.7
 11
16.5
 21
7.0
 31
8.0
  0
POLYLINE
  5
4CA
330
17
100
AcDbEntity
  8
3D_LUMINARIAS_HIGHBAY
100
AcDb3dPolyline
 66
1
 10
0.0
 20
0.0
 30
0.0
 70
8
  0
VERTEX
  5
4CC
330
17
100
AcDbEntity
  8
3D_LUMINARIAS_HIGHBAY
100
AcDbVertex
100
AcDb3dPolylineVertex
 10
16.15
 20
10.65
 30
7.5
 70
32
  0
VERTEX
  5
4CD
330
17
100
AcDbEntity
  8
3D_LUMINARIAS_HIGHBAY
100
AcDbVertex
100
AcDb3dPolylineVertex
 10
16.849999999999998
 20
10.65
 30
7.5
 70
32
  0
VERTEX
  5
4CE
330
17
100
AcDbEntity
  8
3D_LUMINARIAS_HIGHBAY
100
AcDbVertex
100
AcDb3dPolylineVertex
 10
16.849999999999998
 20
11.35
 30
7.5
 70
32
  0
VERTEX
  5
4CF
330
17
100
AcDbEntity
  8
3D_LUMINARIAS_HIGHBAY
100
AcDbVertex
100
AcDb3dPolylineVertex
 10
16.15
 20
11.35
 30
7.5
 70
32
  0
VERTEX
  5
4D0
330
17
100
AcDbEntity
  8
3D_LUMINARIAS_HIGHBAY
100
AcDbVertex
100
AcDb3dPolylineVertex
 10
16.15
 20
10.65
 30
7.5
 70
32
  0
SEQEND
  5
4CB
330
4CA
100
AcDbEntity
  8
3D_LUMINARIAS_HIGHBAY
  0
POLYLINE
  5
4D1
330
17
100
AcDbEntity
  8
3D_LUMINARIAS_HIGHBAY
100
AcDb3dPolyline
 66
1
 10
0.0
 20
0.0
 30
0.0
 70
8
  0
VERTEX
  5
4D3
330
17
100
AcDbEntity
  8
3D_LUMINARIAS_HIGHBAY
100
AcDbVertex
100
AcDb3dPolylineVertex
 10
16.15
 20
10.65
 30
7.7
 70
32
  0
VERTEX
  5
4D4
330
17
100
AcDbEntity
  8
3D_LUMINARIAS_HIGHBAY
100
AcDbVertex
100
AcDb3dPolylineVertex
 10
16.849999999999998
 20
10.65
 30
7.7
 70
32
  0
VERTEX
  5
4D5
330
17
100
AcDbEntity
  8
3D_LUMINARIAS_HIGHBAY
100
AcDbVertex
100
AcDb3dPolylineVertex
 10
16.849999999999998
 20
11.35
 30
7.7
 70
32
  0
VERTEX
  5
4D6
330
17
100
AcDbEntity
  8
3D_LUMINARIAS_HIGHBAY
100
AcDbVertex
100
AcDb3dPolylineVertex
 10
16.15
 20
11.35
 30
7.7
 70
32
  0
VERTEX
  5
4D7
330
17
100
AcDbEntity
  8
3D_LUMINARIAS_HIGHBAY
100
AcDbVertex
100
AcDb3dPolylineVertex
 10
16.15
 20
10.65
 30
7.7
 70
32
  0
SEQEND
  5
4D2
330
4D1
100
AcDbEntity
  8
3D_LUMINARIAS_HIGHBAY
  0
LINE
  5
4D8
330
17
100
AcDbEntity
  8
3D_LUMINARIAS_HIGHBAY
100
AcDbLine
 10
16.15
 20
10.65
 30
7.5
 11
16.15
 21
10.65
 31
7.7
  0
LINE
  5
4D9
330
17
100
AcDbEntity
  8
3D_LUMINARIAS_HIGHBAY
100
AcDbLine
 10
16.849999999999998
 20
10.65
 30
7.5
 11
16.849999999999998
 21
10.65
 31
7.7
  0
LINE
  5
4DA
330
17
100
AcDbEntity
  8
3D_LUMINARIAS_HIGHBAY
100
AcDbLine
 10
16.849999999999998
 20
11.35
 30
7.5
 11
16.849999999999998
 21
11.35
 31
7.7
  0
LINE
  5
4DB
330
17
100
AcDbEntity
  8
3D_LUMINARIAS_HIGHBAY
100
AcDbLine
 10
16.15
 20
11.35
 30
7.5
 11
16.15
 21
11.35
 31
7.7
  0
LINE
  5
4DC
330
17
100
AcDbEntity
  8
3D_LUMINARIAS_HIGHBAY
100
AcDbLine
 10
16.5
 20
11.0
 30
7.7
 11
16.5
 21
11.0
 31
8.0
  0
POLYLINE
  5
4DD
330
17
100
AcDbEntity
  8
3D_LUMINARIAS_HIGHBAY
100
AcDb3dPolyline
 66
1
 10
0.0
 20
0.0
 30
0.0
 70
8
  0
VERTEX
  5
4DF
330
17
100
AcDbEntity
  8
3D_LUMINARIAS_HIGHBAY
100
AcDbVertex
100
AcDb3dPolylineVertex
 10
16.15
 20
14.65
 30
7.5
 70
32
  0
VERTEX
  5
4E0
330
17
100
AcDbEntity
  8
3D_LUMINARIAS_HIGHBAY
100
AcDbVertex
100
AcDb3dPolylineVertex
 10
16.849999999999998
 20
14.65
 30
7.5
 70
32
  0
VERTEX
  5
4E1
330
17
100
AcDbEntity
  8
3D_LUMINARIAS_HIGHBAY
100
AcDbVertex
100
AcDb3dPolylineVertex
 10
16.849999999999998
 20
15.35
 30
7.5
 70
32
  0
VERTEX
  5
4E2
330
17
100
AcDbEntity
  8
3D_LUMINARIAS_HIGHBAY
100
AcDbVertex
100
AcDb3dPolylineVertex
 10
16.15
 20
15.35
 30
7.5
 70
32
  0
VERTEX
  5
4E3
330
17
100
AcDbEntity
  8
3D_LUMINARIAS_HIGHBAY
100
AcDbVertex
100
AcDb3dPolylineVertex
 10
16.15
 20
14.65
 30
7.5
 70
32
  0
SEQEND
  5
4DE
330
4DD
100
AcDbEntity
  8
3D_LUMINARIAS_HIGHBAY
  0
POLYLINE
  5
4E4
330
17
100
AcDbEntity
  8
3D_LUMINARIAS_HIGHBAY
100
AcDb3dPolyline
 66
1
 10
0.0
 20
0.0
 30
0.0
 70
8
  0
VERTEX
  5
4E6
330
17
100
AcDbEntity
  8
3D_LUMINARIAS_HIGHBAY
100
AcDbVertex
100
AcDb3dPolylineVertex
 10
16.15
 20
14.65
 30
7.7
 70
32
  0
VERTEX
  5
4E7
330
17
100
AcDbEntity
  8
3D_LUMINARIAS_HIGHBAY
100
AcDbVertex
100
AcDb3dPolylineVertex
 10
16.849999999999998
 20
14.65
 30
7.7
 70
32
  0
VERTEX
  5
4E8
330
17
100
AcDbEntity
  8
3D_LUMINARIAS_HIGHBAY
100
AcDbVertex
100
AcDb3dPolylineVertex
 10
16.849999999999998
 20
15.35
 30
7.7
 70
32
  0
VERTEX
  5
4E9
330
17
100
AcDbEntity
  8
3D_LUMINARIAS_HIGHBAY
100
AcDbVertex
100
AcDb3dPolylineVertex
 10
16.15
 20
15.35
 30
7.7
 70
32
  0
VERTEX
  5
4EA
330
17
100
AcDbEntity
  8
3D_LUMINARIAS_HIGHBAY
100
AcDbVertex
100
AcDb3dPolylineVertex
 10
16.15
 20
14.65
 30
7.7
 70
32
  0
SEQEND
  5
4E5
330
4E4
100
AcDbEntity
  8
3D_LUMINARIAS_HIGHBAY
  0
LINE
  5
4EB
330
17
100
AcDbEntity
  8
3D_LUMINARIAS_HIGHBAY
100
AcDbLine
 10
16.15
 20
14.65
 30
7.5
 11
16.15
 21
14.65
 31
7.7
  0
LINE
  5
4EC
330
17
100
AcDbEntity
  8
3D_LUMINARIAS_HIGHBAY
100
AcDbLine
 10
16.849999999999998
 20
14.65
 30
7.5
 11
16.849999999999998
 21
14.65
 31
7.7
  0
LINE
  5
4ED
330
17
100
AcDbEntity
  8
3D_LUMINARIAS_HIGHBAY
100
AcDbLine
 10
16.849999999999998
 20
15.35
 30
7.5
 11
16.849999999999998
 21
15.35
 31
7.7
  0
LINE
  5
4EE
330
17
100
AcDbEntity
  8
3D_LUMINARIAS_HIGHBAY
100
AcDbLine
 10
16.15
 20
15.35
 30
7.5
 11
16.15
 21
15.35
 31
7.7
  0
LINE
  5
4EF
330
17
100
AcDbEntity
  8
3D_LUMINARIAS_HIGHBAY
100
AcDbLine
 10
16.5
 20
15.0
 30
7.7
 11
16.5
 21
15.0
 31
8.0
  0
POLYLINE
  5
4F0
330
17
100
AcDbEntity
  8
3D_LUMINARIAS_HIGHBAY
100
AcDb3dPolyline
 66
1
 10
0.0
 20
0.0
 30
0.0
 70
8
  0
VERTEX
  5
4F2
330
17
100
AcDbEntity
  8
3D_LUMINARIAS_HIGHBAY
100
AcDbVertex
100
AcDb3dPolylineVertex
 10
16.15
 20
18.65
 30
7.5
 70
32
  0
VERTEX
  5
4F3
330
17
100
AcDbEntity
  8
3D_LUMINARIAS_HIGHBAY
100
AcDbVertex
100
AcDb3dPolylineVertex
 10
16.849999999999998
 20
18.65
 30
7.5
 70
32
  0
VERTEX
  5
4F4
330
17
100
AcDbEntity
  8
3D_LUMINARIAS_HIGHBAY
100
AcDbVertex
100
AcDb3dPolylineVertex
 10
16.849999999999998
 20
19.349999999999998
 30
7.5
 70
32
  0
VERTEX
  5
4F5
330
17
100
AcDbEntity
  8
3D_LUMINARIAS_HIGHBAY
100
AcDbVertex
100
AcDb3dPolylineVertex
 10
16.15
 20
19.349999999999998
 30
7.5
 70
32
  0
VERTEX
  5
4F6
330
17
100
AcDbEntity
  8
3D_LUMINARIAS_HIGHBAY
100
AcDbVertex
100
AcDb3dPolylineVertex
 10
16.15
 20
18.65
 30
7.5
 70
32
  0
SEQEND
  5
4F1
330
4F0
100
AcDbEntity
  8
3D_LUMINARIAS_HIGHBAY
  0
POLYLINE
  5
4F7
330
17
100
AcDbEntity
  8
3D_LUMINARIAS_HIGHBAY
100
AcDb3dPolyline
 66
1
 10
0.0
 20
0.0
 30
0.0
 70
8
  0
VERTEX
  5
4F9
330
17
100
AcDbEntity
  8
3D_LUMINARIAS_HIGHBAY
100
AcDbVertex
100
AcDb3dPolylineVertex
 10
16.15
 20
18.65
 30
7.7
 70
32
  0
VERTEX
  5
4FA
330
17
100
AcDbEntity
  8
3D_LUMINARIAS_HIGHBAY
100
AcDbVertex
100
AcDb3dPolylineVertex
 10
16.849999999999998
 20
18.65
 30
7.7
 70
32
  0
VERTEX
  5
4FB
330
17
100
AcDbEntity
  8
3D_LUMINARIAS_HIGHBAY
100
AcDbVertex
100
AcDb3dPolylineVertex
 10
16.849999999999998
 20
19.349999999999998
 30
7.7
 70
32
  0
VERTEX
  5
4FC
330
17
100
AcDbEntity
  8
3D_LUMINARIAS_HIGHBAY
100
AcDbVertex
100
AcDb3dPolylineVertex
 10
16.15
 20
19.349999999999998
 30
7.7
 70
32
  0
VERTEX
  5
4FD
330
17
100
AcDbEntity
  8
3D_LUMINARIAS_HIGHBAY
100
AcDbVertex
100
AcDb3dPolylineVertex
 10
16.15
 20
18.65
 30
7.7
 70
32
  0
SEQEND
  5
4F8
330
4F7
100
AcDbEntity
  8
3D_LUMINARIAS_HIGHBAY
  0
LINE
  5
4FE
330
17
100
AcDbEntity
  8
3D_LUMINARIAS_HIGHBAY
100
AcDbLine
 10
16.15
 20
18.65
 30
7.5
 11
16.15
 21
18.65
 31
7.7
  0
LINE
  5
4FF
330
17
100
AcDbEntity
  8
3D_LUMINARIAS_HIGHBAY
100
AcDbLine
 10
16.849999999999998
 20
18.65
 30
7.5
 11
16.849999999999998
 21
18.65
 31
7.7
  0
LINE
  5
500
330
17
100
AcDbEntity
  8
3D_LUMINARIAS_HIGHBAY
100
AcDbLine
 10
16.849999999999998
 20
19.349999999999998
 30
7.5
 11
16.849999999999998
 21
19.349999999999998
 31
7.7
  0
LINE
  5
501
330
17
100
AcDbEntity
  8
3D_LUMINARIAS_HIGHBAY
100
AcDbLine
 10
16.15
 20
19.349999999999998
 30
7.5
 11
16.15
 21
19.349999999999998
 31
7.7
  0
LINE
  5
502
330
17
100
AcDbEntity
  8
3D_LUMINARIAS_HIGHBAY
100
AcDbLine
 10
16.5
 20
19.0
 30
7.7
 11
16.5
 21
19.0
 31
8.0
  0
POLYLINE
  5
503
330
17
100
AcDbEntity
  8
3D_LUMINARIAS_HIGHBAY
100
AcDb3dPolyline
 66
1
 10
0.0
 20
0.0
 30
0.0
 70
8
  0
VERTEX
  5
505
330
17
100
AcDbEntity
  8
3D_LUMINARIAS_HIGHBAY
100
AcDbVertex
100
AcDb3dPolylineVertex
 10
16.15
 20
22.65
 30
7.5
 70
32
  0
VERTEX
  5
506
330
17
100
AcDbEntity
  8
3D_LUMINARIAS_HIGHBAY
100
AcDbVertex
100
AcDb3dPolylineVertex
 10
16.849999999999998
 20
22.65
 30
7.5
 70
32
  0
VERTEX
  5
507
330
17
100
AcDbEntity
  8
3D_LUMINARIAS_HIGHBAY
100
AcDbVertex
100
AcDb3dPolylineVertex
 10
16.849999999999998
 20
23.349999999999998
 30
7.5
 70
32
  0
VERTEX
  5
508
330
17
100
AcDbEntity
  8
3D_LUMINARIAS_HIGHBAY
100
AcDbVertex
100
AcDb3dPolylineVertex
 10
16.15
 20
23.349999999999998
 30
7.5
 70
32
  0
VERTEX
  5
509
330
17
100
AcDbEntity
  8
3D_LUMINARIAS_HIGHBAY
100
AcDbVertex
100
AcDb3dPolylineVertex
 10
16.15
 20
22.65
 30
7.5
 70
32
  0
SEQEND
  5
504
330
503
100
AcDbEntity
  8
3D_LUMINARIAS_HIGHBAY
  0
POLYLINE
  5
50A
330
17
100
AcDbEntity
  8
3D_LUMINARIAS_HIGHBAY
100
AcDb3dPolyline
 66
1
 10
0.0
 20
0.0
 30
0.0
 70
8
  0
VERTEX
  5
50C
330
17
100
AcDbEntity
  8
3D_LUMINARIAS_HIGHBAY
100
AcDbVertex
100
AcDb3dPolylineVertex
 10
16.15
 20
22.65
 30
7.7
 70
32
  0
VERTEX
  5
50D
330
17
100
AcDbEntity
  8
3D_LUMINARIAS_HIGHBAY
100
AcDbVertex
100
AcDb3dPolylineVertex
 10
16.849999999999998
 20
22.65
 30
7.7
 70
32
  0
VERTEX
  5
50E
330
17
100
AcDbEntity
  8
3D_LUMINARIAS_HIGHBAY
100
AcDbVertex
100
AcDb3dPolylineVertex
 10
16.849999999999998
 20
23.349999999999998
 30
7.7
 70
32
  0
VERTEX
  5
50F
330
17
100
AcDbEntity
  8
3D_LUMINARIAS_HIGHBAY
100
AcDbVertex
100
AcDb3dPolylineVertex
 10
16.15
 20
23.349999999999998
 30
7.7
 70
32
  0
VERTEX
  5
510
330
17
100
AcDbEntity
  8
3D_LUMINARIAS_HIGHBAY
100
AcDbVertex
100
AcDb3dPolylineVertex
 10
16.15
 20
22.65
 30
7.7
 70
32
  0
SEQEND
  5
50B
330
50A
100
AcDbEntity
  8
3D_LUMINARIAS_HIGHBAY
  0
LINE
  5
511
330
17
100
AcDbEntity
  8
3D_LUMINARIAS_HIGHBAY
100
AcDbLine
 10
16.15
 20
22.65
 30
7.5
 11
16.15
 21
22.65
 31
7.7
  0
LINE
  5
512
330
17
100
AcDbEntity
  8
3D_LUMINARIAS_HIGHBAY
100
AcDbLine
 10
16.849999999999998
 20
22.65
 30
7.5
 11
16.849999999999998
 21
22.65
 31
7.7
  0
LINE
  5
513
330
17
100
AcDbEntity
  8
3D_LUMINARIAS_HIGHBAY
100
AcDbLine
 10
16.849999999999998
 20
23.349999999999998
 30
7.5
 11
16.849999999999998
 21
23.349999999999998
 31
7.7
  0
LINE
  5
514
330
17
100
AcDbEntity
  8
3D_LUMINARIAS_HIGHBAY
100
AcDbLine
 10
16.15
 20
23.349999999999998
 30
7.5
 11
16.15
 21
23.349999999999998
 31
7.7
  0
LINE
  5
515
330
17
100
AcDbEntity
  8
3D_LUMINARIAS_HIGHBAY
100
AcDbLine
 10
16.5
 20
23.0
 30
7.7
 11
16.5
 21
23.0
 31
8.0
  0
POLYLINE
  5
516
330
17
100
AcDbEntity
  8
3D_LUMINARIAS_HIGHBAY
100
AcDb3dPolyline
 66
1
 10
0.0
 20
0.0
 30
0.0
 70
8
  0
VERTEX
  5
518
330
17
100
AcDbEntity
  8
3D_LUMINARIAS_HIGHBAY
100
AcDbVertex
100
AcDb3dPolylineVertex
 10
16.15
 20
26.65
 30
7.5
 70
32
  0
VERTEX
  5
519
330
17
100
AcDbEntity
  8
3D_LUMINARIAS_HIGHBAY
100
AcDbVertex
100
AcDb3dPolylineVertex
 10
16.849999999999998
 20
26.65
 30
7.5
 70
32
  0
VERTEX
  5
51A
330
17
100
AcDbEntity
  8
3D_LUMINARIAS_HIGHBAY
100
AcDbVertex
100
AcDb3dPolylineVertex
 10
16.849999999999998
 20
27.349999999999998
 30
7.5
 70
32
  0
VERTEX
  5
51B
330
17
100
AcDbEntity
  8
3D_LUMINARIAS_HIGHBAY
100
AcDbVertex
100
AcDb3dPolylineVertex
 10
16.15
 20
27.349999999999998
 30
7.5
 70
32
  0
VERTEX
  5
51C
330
17
100
AcDbEntity
  8
3D_LUMINARIAS_HIGHBAY
100
AcDbVertex
100
AcDb3dPolylineVertex
 10
16.15
 20
26.65
 30
7.5
 70
32
  0
SEQEND
  5
517
330
516
100
AcDbEntity
  8
3D_LUMINARIAS_HIGHBAY
  0
POLYLINE
  5
51D
330
17
100
AcDbEntity
  8
3D_LUMINARIAS_HIGHBAY
100
AcDb3dPolyline
 66
1
 10
0.0
 20
0.0
 30
0.0
 70
8
  0
VERTEX
  5
51F
330
17
100
AcDbEntity
  8
3D_LUMINARIAS_HIGHBAY
100
AcDbVertex
100
AcDb3dPolylineVertex
 10
16.15
 20
26.65
 30
7.7
 70
32
  0
VERTEX
  5
520
330
17
100
AcDbEntity
  8
3D_LUMINARIAS_HIGHBAY
100
AcDbVertex
100
AcDb3dPolylineVertex
 10
16.849999999999998
 20
26.65
 30
7.7
 70
32
  0
VERTEX
  5
521
330
17
100
AcDbEntity
  8
3D_LUMINARIAS_HIGHBAY
100
AcDbVertex
100
AcDb3dPolylineVertex
 10
16.849999999999998
 20
27.349999999999998
 30
7.7
 70
32
  0
VERTEX
  5
522
330
17
100
AcDbEntity
  8
3D_LUMINARIAS_HIGHBAY
100
AcDbVertex
100
AcDb3dPolylineVertex
 10
16.15
 20
27.349999999999998
 30
7.7
 70
32
  0
VERTEX
  5
523
330
17
100
AcDbEntity
  8
3D_LUMINARIAS_HIGHBAY
100
AcDbVertex
100
AcDb3dPolylineVertex
 10
16.15
 20
26.65
 30
7.7
 70
32
  0
SEQEND
  5
51E
330
51D
100
AcDbEntity
  8
3D_LUMINARIAS_HIGHBAY
  0
LINE
  5
524
330
17
100
AcDbEntity
  8
3D_LUMINARIAS_HIGHBAY
100
AcDbLine
 10
16.15
 20
26.65
 30
7.5
 11
16.15
 21
26.65
 31
7.7
  0
LINE
  5
525
330
17
100
AcDbEntity
  8
3D_LUMINARIAS_HIGHBAY
100
AcDbLine
 10
16.849999999999998
 20
26.65
 30
7.5
 11
16.849999999999998
 21
26.65
 31
7.7
  0
LINE
  5
526
330
17
100
AcDbEntity
  8
3D_LUMINARIAS_HIGHBAY
100
AcDbLine
 10
16.849999999999998
 20
27.349999999999998
 30
7.5
 11
16.849999999999998
 21
27.349999999999998
 31
7.7
  0
LINE
  5
527
330
17
100
AcDbEntity
  8
3D_LUMINARIAS_HIGHBAY
100
AcDbLine
 10
16.15
 20
27.349999999999998
 30
7.5
 11
16.15
 21
27.349999999999998
 31
7.7
  0
LINE
  5
528
330
17
100
AcDbEntity
  8
3D_LUMINARIAS_HIGHBAY
100
AcDbLine
 10
16.5
 20
27.0
 30
7.7
 11
16.5
 21
27.0
 31
8.0
  0
POLYLINE
  5
529
330
17
100
AcDbEntity
  8
3D_LUMINARIAS_HIGHBAY
100
AcDb3dPolyline
 66
1
 10
0.0
 20
0.0
 30
0.0
 70
8
  0
VERTEX
  5
52B
330
17
100
AcDbEntity
  8
3D_LUMINARIAS_HIGHBAY
100
AcDbVertex
100
AcDb3dPolylineVertex
 10
16.15
 20
30.65
 30
7.5
 70
32
  0
VERTEX
  5
52C
330
17
100
AcDbEntity
  8
3D_LUMINARIAS_HIGHBAY
100
AcDbVertex
100
AcDb3dPolylineVertex
 10
16.849999999999998
 20
30.65
 30
7.5
 70
32
  0
VERTEX
  5
52D
330
17
100
AcDbEntity
  8
3D_LUMINARIAS_HIGHBAY
100
AcDbVertex
100
AcDb3dPolylineVertex
 10
16.849999999999998
 20
31.349999999999998
 30
7.5
 70
32
  0
VERTEX
  5
52E
330
17
100
AcDbEntity
  8
3D_LUMINARIAS_HIGHBAY
100
AcDbVertex
100
AcDb3dPolylineVertex
 10
16.15
 20
31.349999999999998
 30
7.5
 70
32
  0
VERTEX
  5
52F
330
17
100
AcDbEntity
  8
3D_LUMINARIAS_HIGHBAY
100
AcDbVertex
100
AcDb3dPolylineVertex
 10
16.15
 20
30.65
 30
7.5
 70
32
  0
SEQEND
  5
52A
330
529
100
AcDbEntity
  8
3D_LUMINARIAS_HIGHBAY
  0
POLYLINE
  5
530
330
17
100
AcDbEntity
  8
3D_LUMINARIAS_HIGHBAY
100
AcDb3dPolyline
 66
1
 10
0.0
 20
0.0
 30
0.0
 70
8
  0
VERTEX
  5
532
330
17
100
AcDbEntity
  8
3D_LUMINARIAS_HIGHBAY
100
AcDbVertex
100
AcDb3dPolylineVertex
 10
16.15
 20
30.65
 30
7.7
 70
32
  0
VERTEX
  5
533
330
17
100
AcDbEntity
  8
3D_LUMINARIAS_HIGHBAY
100
AcDbVertex
100
AcDb3dPolylineVertex
 10
16.849999999999998
 20
30.65
 30
7.7
 70
32
  0
VERTEX
  5
534
330
17
100
AcDbEntity
  8
3D_LUMINARIAS_HIGHBAY
100
AcDbVertex
100
AcDb3dPolylineVertex
 10
16.849999999999998
 20
31.349999999999998
 30
7.7
 70
32
  0
VERTEX
  5
535
330
17
100
AcDbEntity
  8
3D_LUMINARIAS_HIGHBAY
100
AcDbVertex
100
AcDb3dPolylineVertex
 10
16.15
 20
31.349999999999998
 30
7.7
 70
32
  0
VERTEX
  5
536
330
17
100
AcDbEntity
  8
3D_LUMINARIAS_HIGHBAY
100
AcDbVertex
100
AcDb3dPolylineVertex
 10
16.15
 20
30.65
 30
7.7
 70
32
  0
SEQEND
  5
531
330
530
100
AcDbEntity
  8
3D_LUMINARIAS_HIGHBAY
  0
LINE
  5
537
330
17
100
AcDbEntity
  8
3D_LUMINARIAS_HIGHBAY
100
AcDbLine
 10
16.15
 20
30.65
 30
7.5
 11
16.15
 21
30.65
 31
7.7
  0
LINE
  5
538
330
17
100
AcDbEntity
  8
3D_LUMINARIAS_HIGHBAY
100
AcDbLine
 10
16.849999999999998
 20
30.65
 30
7.5
 11
16.849999999999998
 21
30.65
 31
7.7
  0
LINE
  5
539
330
17
100
AcDbEntity
  8
3D_LUMINARIAS_HIGHBAY
100
AcDbLine
 10
16.849999999999998
 20
31.349999999999998
 30
7.5
 11
16.849999999999998
 21
31.349999999999998
 31
7.7
  0
LINE
  5
53A
330
17
100
AcDbEntity
  8
3D_LUMINARIAS_HIGHBAY
100
AcDbLine
 10
16.15
 20
31.349999999999998
 30
7.5
 11
16.15
 21
31.349999999999998
 31
7.7
  0
LINE
  5
53B
330
17
100
AcDbEntity
  8
3D_LUMINARIAS_HIGHBAY
100
AcDbLine
 10
16.5
 20
31.0
 30
7.7
 11
16.5
 21
31.0
 31
8.0
  0
POLYLINE
  5
53C
330
17
100
AcDbEntity
  8
3D_LUMINARIAS_HIGHBAY
100
AcDb3dPolyline
 66
1
 10
0.0
 20
0.0
 30
0.0
 70
8
  0
VERTEX
  5
53E
330
17
100
AcDbEntity
  8
3D_LUMINARIAS_HIGHBAY
100
AcDbVertex
100
AcDb3dPolylineVertex
 10
16.15
 20
34.65
 30
7.5
 70
32
  0
VERTEX
  5
53F
330
17
100
AcDbEntity
  8
3D_LUMINARIAS_HIGHBAY
100
AcDbVertex
100
AcDb3dPolylineVertex
 10
16.849999999999998
 20
34.65
 30
7.5
 70
32
  0
VERTEX
  5
540
330
17
100
AcDbEntity
  8
3D_LUMINARIAS_HIGHBAY
100
AcDbVertex
100
AcDb3dPolylineVertex
 10
16.849999999999998
 20
35.35
 30
7.5
 70
32
  0
VERTEX
  5
541
330
17
100
AcDbEntity
  8
3D_LUMINARIAS_HIGHBAY
100
AcDbVertex
100
AcDb3dPolylineVertex
 10
16.15
 20
35.35
 30
7.5
 70
32
  0
VERTEX
  5
542
330
17
100
AcDbEntity
  8
3D_LUMINARIAS_HIGHBAY
100
AcDbVertex
100
AcDb3dPolylineVertex
 10
16.15
 20
34.65
 30
7.5
 70
32
  0
SEQEND
  5
53D
330
53C
100
AcDbEntity
  8
3D_LUMINARIAS_HIGHBAY
  0
POLYLINE
  5
543
330
17
100
AcDbEntity
  8
3D_LUMINARIAS_HIGHBAY
100
AcDb3dPolyline
 66
1
 10
0.0
 20
0.0
 30
0.0
 70
8
  0
VERTEX
  5
545
330
17
100
AcDbEntity
  8
3D_LUMINARIAS_HIGHBAY
100
AcDbVertex
100
AcDb3dPolylineVertex
 10
16.15
 20
34.65
 30
7.7
 70
32
  0
VERTEX
  5
546
330
17
100
AcDbEntity
  8
3D_LUMINARIAS_HIGHBAY
100
AcDbVertex
100
AcDb3dPolylineVertex
 10
16.849999999999998
 20
34.65
 30
7.7
 70
32
  0
VERTEX
  5
547
330
17
100
AcDbEntity
  8
3D_LUMINARIAS_HIGHBAY
100
AcDbVertex
100
AcDb3dPolylineVertex
 10
16.849999999999998
 20
35.35
 30
7.7
 70
32
  0
VERTEX
  5
548
330
17
100
AcDbEntity
  8
3D_LUMINARIAS_HIGHBAY
100
AcDbVertex
100
AcDb3dPolylineVertex
 10
16.15
 20
35.35
 30
7.7
 70
32
  0
VERTEX
  5
549
330
17
100
AcDbEntity
  8
3D_LUMINARIAS_HIGHBAY
100
AcDbVertex
100
AcDb3dPolylineVertex
 10
16.15
 20
34.65
 30
7.7
 70
32
  0
SEQEND
  5
544
330
543
100
AcDbEntity
  8
3D_LUMINARIAS_HIGHBAY
  0
LINE
  5
54A
330
17
100
AcDbEntity
  8
3D_LUMINARIAS_HIGHBAY
100
AcDbLine
 10
16.15
 20
34.65
 30
7.5
 11
16.15
 21
34.65
 31
7.7
  0
LINE
  5
54B
330
17
100
AcDbEntity
  8
3D_LUMINARIAS_HIGHBAY
100
AcDbLine
 10
16.849999999999998
 20
34.65
 30
7.5
 11
16.849999999999998
 21
34.65
 31
7.7
  0
LINE
  5
54C
330
17
100
AcDbEntity
  8
3D_LUMINARIAS_HIGHBAY
100
AcDbLine
 10
16.849999999999998
 20
35.35
 30
7.5
 11
16.849999999999998
 21
35.35
 31
7.7
  0
LINE
  5
54D
330
17
100
AcDbEntity
  8
3D_LUMINARIAS_HIGHBAY
100
AcDbLine
 10
16.15
 20
35.35
 30
7.5
 11
16.15
 21
35.35
 31
7.7
  0
LINE
  5
54E
330
17
100
AcDbEntity
  8
3D_LUMINARIAS_HIGHBAY
100
AcDbLine
 10
16.5
 20
35.0
 30
7.7
 11
16.5
 21
35.0
 31
8.0
  0
POLYLINE
  5
54F
330
17
100
AcDbEntity
  8
3D_LUMINARIAS_HIGHBAY
100
AcDb3dPolyline
 66
1
 10
0.0
 20
0.0
 30
0.0
 70
8
  0
VERTEX
  5
551
330
17
100
AcDbEntity
  8
3D_LUMINARIAS_HIGHBAY
100
AcDbVertex
100
AcDb3dPolylineVertex
 10
16.15
 20
38.65
 30
7.5
 70
32
  0
VERTEX
  5
552
330
17
100
AcDbEntity
  8
3D_LUMINARIAS_HIGHBAY
100
AcDbVertex
100
AcDb3dPolylineVertex
 10
16.849999999999998
 20
38.65
 30
7.5
 70
32
  0
VERTEX
  5
553
330
17
100
AcDbEntity
  8
3D_LUMINARIAS_HIGHBAY
100
AcDbVertex
100
AcDb3dPolylineVertex
 10
16.849999999999998
 20
39.35
 30
7.5
 70
32
  0
VERTEX
  5
554
330
17
100
AcDbEntity
  8
3D_LUMINARIAS_HIGHBAY
100
AcDbVertex
100
AcDb3dPolylineVertex
 10
16.15
 20
39.35
 30
7.5
 70
32
  0
VERTEX
  5
555
330
17
100
AcDbEntity
  8
3D_LUMINARIAS_HIGHBAY
100
AcDbVertex
100
AcDb3dPolylineVertex
 10
16.15
 20
38.65
 30
7.5
 70
32
  0
SEQEND
  5
550
330
54F
100
AcDbEntity
  8
3D_LUMINARIAS_HIGHBAY
  0
POLYLINE
  5
556
330
17
100
AcDbEntity
  8
3D_LUMINARIAS_HIGHBAY
100
AcDb3dPolyline
 66
1
 10
0.0
 20
0.0
 30
0.0
 70
8
  0
VERTEX
  5
558
330
17
100
AcDbEntity
  8
3D_LUMINARIAS_HIGHBAY
100
AcDbVertex
100
AcDb3dPolylineVertex
 10
16.15
 20
38.65
 30
7.7
 70
32
  0
VERTEX
  5
559
330
17
100
AcDbEntity
  8
3D_LUMINARIAS_HIGHBAY
100
AcDbVertex
100
AcDb3dPolylineVertex
 10
16.849999999999998
 20
38.65
 30
7.7
 70
32
  0
VERTEX
  5
55A
330
17
100
AcDbEntity
  8
3D_LUMINARIAS_HIGHBAY
100
AcDbVertex
100
AcDb3dPolylineVertex
 10
16.849999999999998
 20
39.35
 30
7.7
 70
32
  0
VERTEX
  5
55B
330
17
100
AcDbEntity
  8
3D_LUMINARIAS_HIGHBAY
100
AcDbVertex
100
AcDb3dPolylineVertex
 10
16.15
 20
39.35
 30
7.7
 70
32
  0
VERTEX
  5
55C
330
17
100
AcDbEntity
  8
3D_LUMINARIAS_HIGHBAY
100
AcDbVertex
100
AcDb3dPolylineVertex
 10
16.15
 20
38.65
 30
7.7
 70
32
  0
SEQEND
  5
557
330
556
100
AcDbEntity
  8
3D_LUMINARIAS_HIGHBAY
  0
LINE
  5
55D
330
17
100
AcDbEntity
  8
3D_LUMINARIAS_HIGHBAY
100
AcDbLine
 10
16.15
 20
38.65
 30
7.5
 11
16.15
 21
38.65
 31
7.7
  0
LINE
  5
55E
330
17
100
AcDbEntity
  8
3D_LUMINARIAS_HIGHBAY
100
AcDbLine
 10
16.849999999999998
 20
38.65
 30
7.5
 11
16.849999999999998
 21
38.65
 31
7.7
  0
LINE
  5
55F
330
17
100
AcDbEntity
  8
3D_LUMINARIAS_HIGHBAY
100
AcDbLine
 10
16.849999999999998
 20
39.35
 30
7.5
 11
16.849999999999998
 21
39.35
 31
7.7
  0
LINE
  5
560
330
17
100
AcDbEntity
  8
3D_LUMINARIAS_HIGHBAY
100
AcDbLine
 10
16.15
 20
39.35
 30
7.5
 11
16.15
 21
39.35
 31
7.7
  0
LINE
  5
561
330
17
100
AcDbEntity
  8
3D_LUMINARIAS_HIGHBAY
100
AcDbLine
 10
16.5
 20
39.0
 30
7.7
 11
16.5
 21
39.0
 31
8.0
  0
POLYLINE
  5
562
330
17
100
AcDbEntity
  8
3D_TABLEROS_TGD
100
AcDb3dPolyline
 66
1
 10
0.0
 20
0.0
 30
0.0
 70
8
  0
VERTEX
  5
564
330
17
100
AcDbEntity
  8
3D_TABLEROS_TGD
100
AcDbVertex
100
AcDb3dPolylineVertex
 10
0.5
 20
6.5
 30
0.0
 70
32
  0
VERTEX
  5
565
330
17
100
AcDbEntity
  8
3D_TABLEROS_TGD
100
AcDbVertex
100
AcDb3dPolylineVertex
 10
1.7
 20
6.5
 30
0.0
 70
32
  0
VERTEX
  5
566
330
17
100
AcDbEntity
  8
3D_TABLEROS_TGD
100
AcDbVertex
100
AcDb3dPolylineVertex
 10
1.7
 20
7.1
 30
0.0
 70
32
  0
VERTEX
  5
567
330
17
100
AcDbEntity
  8
3D_TABLEROS_TGD
100
AcDbVertex
100
AcDb3dPolylineVertex
 10
0.5
 20
7.1
 30
0.0
 70
32
  0
VERTEX
  5
568
330
17
100
AcDbEntity
  8
3D_TABLEROS_TGD
100
AcDbVertex
100
AcDb3dPolylineVertex
 10
0.5
 20
6.5
 30
0.0
 70
32
  0
SEQEND
  5
563
330
562
100
AcDbEntity
  8
3D_TABLEROS_TGD
  0
POLYLINE
  5
569
330
17
100
AcDbEntity
  8
3D_TABLEROS_TGD
100
AcDb3dPolyline
 66
1
 10
0.0
 20
0.0
 30
0.0
 70
8
  0
VERTEX
  5
56B
330
17
100
AcDbEntity
  8
3D_TABLEROS_TGD
100
AcDbVertex
100
AcDb3dPolylineVertex
 10
0.5
 20
6.5
 30
1.8
 70
32
  0
VERTEX
  5
56C
330
17
100
AcDbEntity
  8
3D_TABLEROS_TGD
100
AcDbVertex
100
AcDb3dPolylineVertex
 10
1.7
 20
6.5
 30
1.8
 70
32
  0
VERTEX
  5
56D
330
17
100
AcDbEntity
  8
3D_TABLEROS_TGD
100
AcDbVertex
100
AcDb3dPolylineVertex
 10
1.7
 20
7.1
 30
1.8
 70
32
  0
VERTEX
  5
56E
330
17
100
AcDbEntity
  8
3D_TABLEROS_TGD
100
AcDbVertex
100
AcDb3dPolylineVertex
 10
0.5
 20
7.1
 30
1.8
 70
32
  0
VERTEX
  5
56F
330
17
100
AcDbEntity
  8
3D_TABLEROS_TGD
100
AcDbVertex
100
AcDb3dPolylineVertex
 10
0.5
 20
6.5
 30
1.8
 70
32
  0
SEQEND
  5
56A
330
569
100
AcDbEntity
  8
3D_TABLEROS_TGD
  0
LINE
  5
570
330
17
100
AcDbEntity
  8
3D_TABLEROS_TGD
100
AcDbLine
 10
0.5
 20
6.5
 30
0.0
 11
0.5
 21
6.5
 31
1.8
  0
LINE
  5
571
330
17
100
AcDbEntity
  8
3D_TABLEROS_TGD
100
AcDbLine
 10
1.7
 20
6.5
 30
0.0
 11
1.7
 21
6.5
 31
1.8
  0
LINE
  5
572
330
17
100
AcDbEntity
  8
3D_TABLEROS_TGD
100
AcDbLine
 10
1.7
 20
7.1
 30
0.0
 11
1.7
 21
7.1
 31
1.8
  0
LINE
  5
573
330
17
100
AcDbEntity
  8
3D_TABLEROS_TGD
100
AcDbLine
 10
0.5
 20
7.1
 30
0.0
 11
0.5
 21
7.1
 31
1.8
  0
POLYLINE
  5
574
330
17
100
AcDbEntity
  8
3D_TABLEROS_TGD
100
AcDb3dPolyline
 66
1
 10
0.0
 20
0.0
 30
0.0
 70
8
  0
VERTEX
  5
576
330
17
100
AcDbEntity
  8
3D_TABLEROS_TGD
100
AcDbVertex
100
AcDb3dPolylineVertex
 10
2.0
 20
6.5
 30
0.0
 70
32
  0
VERTEX
  5
577
330
17
100
AcDbEntity
  8
3D_TABLEROS_TGD
100
AcDbVertex
100
AcDb3dPolylineVertex
 10
2.8
 20
6.5
 30
0.0
 70
32
  0
VERTEX
  5
578
330
17
100
AcDbEntity
  8
3D_TABLEROS_TGD
100
AcDbVertex
100
AcDb3dPolylineVertex
 10
2.8
 20
7.1
 30
0.0
 70
32
  0
VERTEX
  5
579
330
17
100
AcDbEntity
  8
3D_TABLEROS_TGD
100
AcDbVertex
100
AcDb3dPolylineVertex
 10
2.0
 20
7.1
 30
0.0
 70
32
  0
VERTEX
  5
57A
330
17
100
AcDbEntity
  8
3D_TABLEROS_TGD
100
AcDbVertex
100
AcDb3dPolylineVertex
 10
2.0
 20
6.5
 30
0.0
 70
32
  0
SEQEND
  5
575
330
574
100
AcDbEntity
  8
3D_TABLEROS_TGD
  0
POLYLINE
  5
57B
330
17
100
AcDbEntity
  8
3D_TABLEROS_TGD
100
AcDb3dPolyline
 66
1
 10
0.0
 20
0.0
 30
0.0
 70
8
  0
VERTEX
  5
57D
330
17
100
AcDbEntity
  8
3D_TABLEROS_TGD
100
AcDbVertex
100
AcDb3dPolylineVertex
 10
2.0
 20
6.5
 30
1.8
 70
32
  0
VERTEX
  5
57E
330
17
100
AcDbEntity
  8
3D_TABLEROS_TGD
100
AcDbVertex
100
AcDb3dPolylineVertex
 10
2.8
 20
6.5
 30
1.8
 70
32
  0
VERTEX
  5
57F
330
17
100
AcDbEntity
  8
3D_TABLEROS_TGD
100
AcDbVertex
100
AcDb3dPolylineVertex
 10
2.8
 20
7.1
 30
1.8
 70
32
  0
VERTEX
  5
580
330
17
100
AcDbEntity
  8
3D_TABLEROS_TGD
100
AcDbVertex
100
AcDb3dPolylineVertex
 10
2.0
 20
7.1
 30
1.8
 70
32
  0
VERTEX
  5
581
330
17
100
AcDbEntity
  8
3D_TABLEROS_TGD
100
AcDbVertex
100
AcDb3dPolylineVertex
 10
2.0
 20
6.5
 30
1.8
 70
32
  0
SEQEND
  5
57C
330
57B
100
AcDbEntity
  8
3D_TABLEROS_TGD
  0
LINE
  5
582
330
17
100
AcDbEntity
  8
3D_TABLEROS_TGD
100
AcDbLine
 10
2.0
 20
6.5
 30
0.0
 11
2.0
 21
6.5
 31
1.8
  0
LINE
  5
583
330
17
100
AcDbEntity
  8
3D_TABLEROS_TGD
100
AcDbLine
 10
2.8
 20
6.5
 30
0.0
 11
2.8
 21
6.5
 31
1.8
  0
LINE
  5
584
330
17
100
AcDbEntity
  8
3D_TABLEROS_TGD
100
AcDbLine
 10
2.8
 20
7.1
 30
0.0
 11
2.8
 21
7.1
 31
1.8
  0
LINE
  5
585
330
17
100
AcDbEntity
  8
3D_TABLEROS_TGD
100
AcDbLine
 10
2.0
 20
7.1
 30
0.0
 11
2.0
 21
7.1
 31
1.8
  0
POLYLINE
  5
586
330
17
100
AcDbEntity
  8
3D_MALLA_TIERRA
100
AcDb3dPolyline
 66
1
 10
0.0
 20
0.0
 30
0.0
 70
8
  0
VERTEX
  5
588
330
17
100
AcDbEntity
  8
3D_MALLA_TIERRA
100
AcDbVertex
100
AcDb3dPolylineVertex
 10
-1.5
 20
-1.5
 30
-0.8
 70
32
  0
VERTEX
  5
589
330
17
100
AcDbEntity
  8
3D_MALLA_TIERRA
100
AcDbVertex
100
AcDb3dPolylineVertex
 10
10.0
 20
-1.5
 30
-0.8
 70
32
  0
VERTEX
  5
58A
330
17
100
AcDbEntity
  8
3D_MALLA_TIERRA
100
AcDbVertex
100
AcDb3dPolylineVertex
 10
21.5
 20
-1.5
 30
-0.8
 70
32
  0
VERTEX
  5
58B
330
17
100
AcDbEntity
  8
3D_MALLA_TIERRA
100
AcDbVertex
100
AcDb3dPolylineVertex
 10
21.5
 20
41.5
 30
-0.8
 70
32
  0
VERTEX
  5
58C
330
17
100
AcDbEntity
  8
3D_MALLA_TIERRA
100
AcDbVertex
100
AcDb3dPolylineVertex
 10
10.0
 20
41.5
 30
-0.8
 70
32
  0
VERTEX
  5
58D
330
17
100
AcDbEntity
  8
3D_MALLA_TIERRA
100
AcDbVertex
100
AcDb3dPolylineVertex
 10
-1.5
 20
41.5
 30
-0.8
 70
32
  0
VERTEX
  5
58E
330
17
100
AcDbEntity
  8
3D_MALLA_TIERRA
100
AcDbVertex
100
AcDb3dPolylineVertex
 10
-1.5
 20
-1.5
 30
-0.8
 70
32
  0
SEQEND
  5
587
330
586
100
AcDbEntity
  8
3D_MALLA_TIERRA
  0
LINE
  5
58F
330
17
100
AcDbEntity
  8
3D_MALLA_TIERRA
100
AcDbLine
 10
-1.5
 20
-1.5
 30
-0.8
 11
-1.5
 21
-1.5
 31
-3.2
  0
LINE
  5
590
330
17
100
AcDbEntity
  8
3D_MALLA_TIERRA
100
AcDbLine
 10
-1.5
 20
-1.5
 30
-0.8
 11
-1.5
 21
-1.5
 31
0.0
  0
LINE
  5
591
330
17
100
AcDbEntity
  8
3D_MALLA_TIERRA
100
AcDbLine
 10
10.0
 20
-1.5
 30
-0.8
 11
10.0
 21
-1.5
 31
-3.2
  0
LINE
  5
592
330
17
100
AcDbEntity
  8
3D_MALLA_TIERRA
100
AcDbLine
 10
10.0
 20
-1.5
 30
-0.8
 11
10.0
 21
-1.5
 31
0.0
  0
LINE
  5
593
330
17
100
AcDbEntity
  8
3D_MALLA_TIERRA
100
AcDbLine
 10
21.5
 20
-1.5
 30
-0.8
 11
21.5
 21
-1.5
 31
-3.2
  0
LINE
  5
594
330
17
100
AcDbEntity
  8
3D_MALLA_TIERRA
100
AcDbLine
 10
21.5
 20
-1.5
 30
-0.8
 11
21.5
 21
-1.5
 31
0.0
  0
LINE
  5
595
330
17
100
AcDbEntity
  8
3D_MALLA_TIERRA
100
AcDbLine
 10
21.5
 20
41.5
 30
-0.8
 11
21.5
 21
41.5
 31
-3.2
  0
LINE
  5
596
330
17
100
AcDbEntity
  8
3D_MALLA_TIERRA
100
AcDbLine
 10
21.5
 20
41.5
 30
-0.8
 11
21.5
 21
41.5
 31
0.0
  0
LINE
  5
597
330
17
100
AcDbEntity
  8
3D_MALLA_TIERRA
100
AcDbLine
 10
10.0
 20
41.5
 30
-0.8
 11
10.0
 21
41.5
 31
-3.2
  0
LINE
  5
598
330
17
100
AcDbEntity
  8
3D_MALLA_TIERRA
100
AcDbLine
 10
10.0
 20
41.5
 30
-0.8
 11
10.0
 21
41.5
 31
0.0
  0
LINE
  5
599
330
17
100
AcDbEntity
  8
3D_MALLA_TIERRA
100
AcDbLine
 10
-1.5
 20
41.5
 30
-0.8
 11
-1.5
 21
41.5
 31
-3.2
  0
LINE
  5
59A
330
17
100
AcDbEntity
  8
3D_MALLA_TIERRA
100
AcDbLine
 10
-1.5
 20
41.5
 30
-0.8
 11
-1.5
 21
41.5
 31
0.0
  0
ENDSEC
  0
SECTION
  2
OBJECTS
  0
DICTIONARY
  5
A
330
0
100
AcDbDictionary
281
1
  3
ACAD_COLOR
350
B
  3
ACAD_GROUP
350
C
  3
ACAD_LAYOUT
350
D
  3
ACAD_MATERIAL
350
E
  3
ACAD_MLEADERSTYLE
350
F
  3
ACAD_MLINESTYLE
350
10
  3
ACAD_PLOTSETTINGS
350
11
  3
ACAD_PLOTSTYLENAME
350
12
  3
ACAD_SCALELIST
350
14
  3
ACAD_TABLESTYLE
350
15
  3
ACAD_VISUALSTYLE
350
16
  3
EZDXF_META
350
2D
  0
DICTIONARY
  5
B
330
A
100
AcDbDictionary
281
1
  0
DICTIONARY
  5
C
330
A
100
AcDbDictionary
281
1
  0
DICTIONARY
  5
D
330
A
100
AcDbDictionary
281
1
  3
Model
350
1A
  3
Layout1
350
1E
  0
DICTIONARY
  5
E
330
A
100
AcDbDictionary
281
1
  3
ByBlock
350
1F
  3
ByLayer
350
20
  3
Global
350
21
  0
DICTIONARY
  5
F
330
A
100
AcDbDictionary
281
1
  3
Standard
350
2C
  0
DICTIONARY
  5
10
330
A
100
AcDbDictionary
281
1
  3
Standard
350
22
  0
DICTIONARY
  5
11
330
A
100
AcDbDictionary
281
1
  0
ACDBDICTIONARYWDFLT
  5
12
330
A
100
AcDbDictionary
281
1
  3
Normal
350
13
100
AcDbDictionaryWithDefault
340
13
  0
ACDBPLACEHOLDER
  5
13
330
12
  0
DICTIONARY
  5
14
330
A
100
AcDbDictionary
281
1
  0
DICTIONARY
  5
15
330
A
100
AcDbDictionary
281
1
  0
DICTIONARY
  5
16
330
A
100
AcDbDictionary
281
1
  3
2dWireframe
350
5A
  3
Basic
350
5B
  3
Brighten
350
5C
  3
ColorChange
350
5D
  3
Conceptual
350
5E
  3
Dim
350
5F
  3
EdgeColorOff
350
60
  3
Facepattern
350
61
  3
Flat
350
62
  3
FlatWithEdges
350
63
  3
Gouraud
350
64
  3
GouraudWithEdges
350
65
  3
Hidden
350
66
  3
JitterOff
350
67
  3
Linepattern
350
68
  3
Modeling
350
69
  3
OverhangOff
350
6A
  3
Realistic
350
6B
  3
Shaded
350
6C
  3
Shaded with edges
350
6D
  3
Shades of Gray
350
6E
  3
Sketchy
350
6F
  3
Thicken
350
70
  3
Wireframe
350
71
  3
X-Ray
350
72
  0
LAYOUT
  5
1A
330
D
100
AcDbPlotSettings
  1

  4
A3
  6

 40
7.5
 41
20.0
 42
7.5
 43
20.0
 44
420.0
 45
297.0
 46
0.0
 47
0.0
 48
0.0
 49
0.0
140
0.0
141
0.0
142
1.0
143
1.0
 70
1024
 72
1
 73
0
 74
5
  7

 75
16
 76
0
 77
2
 78
300
147
1.0
148
0.0
149
0.0
100
AcDbLayout
  1
Model
 70
1
 71
0
 10
0.0
 20
0.0
 11
420.0
 21
297.0
 12
0.0
 22
0.0
 32
0.0
 14
1e+20
 24
1e+20
 34
1e+20
 15
-1e+20
 25
-1e+20
 35
-1e+20
146
0.0
 13
0.0
 23
0.0
 33
0.0
 16
1.0
 26
0.0
 36
0.0
 17
0.0
 27
1.0
 37
0.0
 76
1
330
17
  0
LAYOUT
  5
1E
330
D
100
AcDbPlotSettings
  1

  4
A3
  6

 40
7.5
 41
20.0
 42
7.5
 43
20.0
 44
420.0
 45
297.0
 46
0.0
 47
0.0
 48
0.0
 49
0.0
140
0.0
141
0.0
142
1.0
143
1.0
 70
0
 72
1
 73
0
 74
5
  7

 75
16
 76
0
 77
2
 78
300
147
1.0
148
0.0
149
0.0
100
AcDbLayout
  1
Layout1
 70
1
 71
1
 10
0.0
 20
0.0
 11
420.0
 21
297.0
 12
0.0
 22
0.0
 32
0.0
 14
1e+20
 24
1e+20
 34
1e+20
 15
-1e+20
 25
-1e+20
 35
-1e+20
146
0.0
 13
0.0
 23
0.0
 33
0.0
 16
1.0
 26
0.0
 36
0.0
 17
0.0
 27
1.0
 37
0.0
 76
1
330
1B
  0
MATERIAL
  5
1F
102
{ACAD_REACTORS
330
E
102
}
330
E
100
AcDbMaterial
  1
ByBlock
  2

 70
0
 40
1.0
 71
1
 41
1.0
 91
-1023410177
 42
1.0
 72
1
  3

 73
1
 74
1
 75
1
 44
0.5
 73
0
 45
1.0
 46
1.0
 77
1
  4

 78
1
 79
1
170
1
 48
1.0
171
1
  6

172
1
173
1
174
1
140
1.0
141
1.0
175
1
  7

176
1
177
1
178
1
143
1.0
179
1
  8

270
1
271
1
272
1
145
1.0
146
1.0
273
1
  9

274
1
275
1
276
1
 42
1.0
 72
1
  3

 73
1
 74
1
 75
1
 94
63
  0
MATERIAL
  5
20
102
{ACAD_REACTORS
330
E
102
}
330
E
100
AcDbMaterial
  1
ByLayer
  2

 70
0
 40
1.0
 71
1
 41
1.0
 91
-1023410177
 42
1.0
 72
1
  3

 73
1
 74
1
 75
1
 44
0.5
 73
0
 45
1.0
 46
1.0
 77
1
  4

 78
1
 79
1
170
1
 48
1.0
171
1
  6

172
1
173
1
174
1
140
1.0
141
1.0
175
1
  7

176
1
177
1
178
1
143
1.0
179
1
  8

270
1
271
1
272
1
145
1.0
146
1.0
273
1
  9

274
1
275
1
276
1
 42
1.0
 72
1
  3

 73
1
 74
1
 75
1
 94
63
  0
MATERIAL
  5
21
102
{ACAD_REACTORS
330
E
102
}
330
E
100
AcDbMaterial
  1
Global
  2

 70
0
 40
1.0
 71
1
 41
1.0
 91
-1023410177
 42
1.0
 72
1
  3

 73
1
 74
1
 75
1
 44
0.5
 73
0
 45
1.0
 46
1.0
 77
1
  4

 78
1
 79
1
170
1
 48
1.0
171
1
  6

172
1
173
1
174
1
140
1.0
141
1.0
175
1
  7

176
1
177
1
178
1
143
1.0
179
1
  8

270
1
271
1
272
1
145
1.0
146
1.0
273
1
  9

274
1
275
1
276
1
 42
1.0
 72
1
  3

 73
1
 74
1
 75
1
 94
63
  0
MLINESTYLE
  5
22
102
{ACAD_REACTORS
330
10
102
}
330
10
100
AcDbMlineStyle
  2
Standard
 70
0
  3

 62
256
 51
90.0
 52
90.0
 71
2
 49
0.5
 62
256
  6
BYLAYER
 49
-0.5
 62
256
  6
BYLAYER
  0
MLEADERSTYLE
  5
2C
102
{ACAD_REACTORS
330
F
102
}
330
F
100
AcDbMLeaderStyle
179
2
170
2
171
1
172
0
 90
2
 40
0.0
 41
0.0
173
1
 91
-1056964608
 92
-2
290
1
 42
2.0
291
1
 43
8.0
  3
Standard
 44
4.0
300

342
29
174
1
175
1
176
0
178
1
 93
-1056964608
 45
4.0
292
0
297
0
 46
4.0
 94
-1056964608
 47
1.0
 49
1.0
140
1.0
294
1
141
0.0
177
0
142
1.0
295
0
296
0
143
3.75
271
0
272
9
273
9
  0
DICTIONARY
  5
2D
330
A
100
AcDbDictionary
280
1
281
1
  3
CREATED_BY_EZDXF
350
2E
  3
WRITTEN_BY_EZDXF
350
59D
  0
DICTIONARYVAR
  5
2E
330
2D
100
DictionaryVariables
280
0
  1
1.4.4 @ 2026-07-29T02:19:38.093152+00:00
  0
VISUALSTYLE
  5
5A
102
{ACAD_REACTORS
330
16
102
}
330
16
100
AcDbVisualStyle
  2
2dWireframe
 70
4
 90
0
 40
0.6
 62
7
290
0
291
0
  0
VISUALSTYLE
  5
5B
102
{ACAD_REACTORS
330
16
102
}
330
16
100
AcDbVisualStyle
  2
Basic
 70
7
 90
1
 40
0.6
 62
7
290
0
291
1
  0
VISUALSTYLE
  5
5C
102
{ACAD_REACTORS
330
16
102
}
330
16
100
AcDbVisualStyle
  2
Brighten
 70
12
 90
2
 40
0.6
 62
7
290
0
291
1
  0
VISUALSTYLE
  5
5D
102
{ACAD_REACTORS
330
16
102
}
330
16
100
AcDbVisualStyle
  2
ColorChange
 70
16
 90
2
 40
0.6
 62
8
290
0
291
1
  0
VISUALSTYLE
  5
5E
102
{ACAD_REACTORS
330
16
102
}
330
16
100
AcDbVisualStyle
  2
Conceptual
 70
9
 90
3
 40
0.6
 62
7
290
0
291
0
  0
VISUALSTYLE
  5
5F
102
{ACAD_REACTORS
330
16
102
}
330
16
100
AcDbVisualStyle
  2
Dim
 70
11
 90
2
 40
0.6
 62
7
290
0
291
1
  0
VISUALSTYLE
  5
60
102
{ACAD_REACTORS
330
16
102
}
330
16
100
AcDbVisualStyle
  2
EdgeColorOff
 70
22
 90
2
 40
0.6
 62
7
290
0
291
1
  0
VISUALSTYLE
  5
61
102
{ACAD_REACTORS
330
16
102
}
330
16
100
AcDbVisualStyle
  2
Facepattern
 70
15
 90
2
 40
0.6
 62
7
290
0
291
1
  0
VISUALSTYLE
  5
62
102
{ACAD_REACTORS
330
16
102
}
330
16
100
AcDbVisualStyle
  2
Flat
 70
0
 90
2
 40
0.6
 62
7
290
0
291
1
  0
VISUALSTYLE
  5
63
102
{ACAD_REACTORS
330
16
102
}
330
16
100
AcDbVisualStyle
  2
FlatWithEdges
 70
1
 90
2
 40
0.6
 62
7
290
0
291
1
  0
VISUALSTYLE
  5
64
102
{ACAD_REACTORS
330
16
102
}
330
16
100
AcDbVisualStyle
  2
Gouraud
 70
2
 90
2
 40
0.6
 62
7
290
0
291
1
  0
VISUALSTYLE
  5
65
102
{ACAD_REACTORS
330
16
102
}
330
16
100
AcDbVisualStyle
  2
GouraudWithEdges
 70
3
 90
2
 40
0.6
 62
7
290
0
291
1
  0
VISUALSTYLE
  5
66
102
{ACAD_REACTORS
330
16
102
}
330
16
100
AcDbVisualStyle
  2
Hidden
 70
6
 90
1
 40
0.6
 62
7
290
0
291
0
  0
VISUALSTYLE
  5
67
102
{ACAD_REACTORS
330
16
102
}
330
16
100
AcDbVisualStyle
  2
JitterOff
 70
20
 90
2
 40
0.6
 62
7
290
0
291
1
  0
VISUALSTYLE
  5
68
102
{ACAD_REACTORS
330
16
102
}
330
16
100
AcDbVisualStyle
  2
Linepattern
 70
14
 90
2
 40
0.6
 62
7
290
0
291
1
  0
VISUALSTYLE
  5
69
102
{ACAD_REACTORS
330
16
102
}
330
16
100
AcDbVisualStyle
  2
Modeling
 70
10
 90
2
 40
0.6
 62
7
290
0
291
0
  0
VISUALSTYLE
  5
6A
102
{ACAD_REACTORS
330
16
102
}
330
16
100
AcDbVisualStyle
  2
OverhangOff
 70
21
 90
2
 40
0.6
 62
7
290
0
291
1
  0
VISUALSTYLE
  5
6B
102
{ACAD_REACTORS
330
16
102
}
330
16
100
AcDbVisualStyle
  2
Realistic
 70
8
 90
2
 40
0.6
 62
7
290
0
291
0
  0
VISUALSTYLE
  5
6C
102
{ACAD_REACTORS
330
16
102
}
330
16
100
AcDbVisualStyle
  2
Shaded
 70
27
 90
2
 40
0.6
 62
7
290
0
291
0
  0
VISUALSTYLE
  5
6D
102
{ACAD_REACTORS
330
16
102
}
330
16
100
AcDbVisualStyle
  2
Shaded with edges
 70
26
 90
2
 40
0.6
 62
7
290
0
291
0
  0
VISUALSTYLE
  5
6E
102
{ACAD_REACTORS
330
16
102
}
330
16
100
AcDbVisualStyle
  2
Shades of Gray
 70
23
 90
2
 40
0.6
 62
7
290
0
291
0
  0
VISUALSTYLE
  5
6F
102
{ACAD_REACTORS
330
16
102
}
330
16
100
AcDbVisualStyle
  2
Sketchy
 70
24
 90
1
 40
0.6
 62
7
290
0
291
0
  0
VISUALSTYLE
  5
70
102
{ACAD_REACTORS
330
16
102
}
330
16
100
AcDbVisualStyle
  2
Thicken
 70
13
 90
2
 40
0.6
 62
7
290
0
291
1
  0
VISUALSTYLE
  5
71
102
{ACAD_REACTORS
330
16
102
}
330
16
100
AcDbVisualStyle
  2
Wireframe
 70
5
 90
0
 40
0.6
 62
7
290
0
291
0
  0
VISUALSTYLE
  5
72
102
{ACAD_REACTORS
330
16
102
}
330
16
100
AcDbVisualStyle
  2
X-Ray
 70
25
 90
2
 40
0.5
 62
7
290
0
291
0
  0
DICTIONARYVAR
  5
59D
330
2D
100
DictionaryVariables
280
0
  1
1.4.4 @ 2026-07-29T02:19:38.135202+00:00
  0
ENDSEC
  0
EOF
